Hotspot,IsJCGA,MutationPercentage
TP53 p.X187_splice,True,4.35
CCDC103 p.R61W,False,4.35
A2M p.D638N,False,2.17
PLIN4 p.G1121R,False,2.17
PLD1 p.L3Pfs*11,False,2.17
PLEC p.K2636N,False,2.17
PLEKHA2 p.G52R,False,2.17
PLEKHA5 p.L890F,False,2.17
PLEKHA7 p.H148Y,False,2.17
PLEKHA7 p.R489Q,False,2.17
PLEKHG4 p.E564K,False,2.17
PLEKHG4B p.E869K,False,2.17
PLEKHG5 p.V548I,False,2.17
PLEKHG6 p.L765R,False,2.17
PLEKHM2 p.S757F,False,2.17
PLEKHM2 p.V628M,False,2.17
PNLIPRP1 p.W47*,False,2.17
PLCH2 p.S627F,False,2.17
PNMA1 p.W114*,False,2.17
PNPLA2 p.R251L,False,2.17
PNPLA6 p.F941Y,False,2.17
PNPLA7 p.Y560C,False,2.17
PNPT1 p.N422S,False,2.17
POC1B p.E374K,False,2.17
POC1B p.E433Q,False,2.17
PODXL p.E437K,False,2.17
POF1B p.E455D,False,2.17
POF1B p.P144A,False,2.17
POGLUT2 p.D429N,False,2.17
POLDIP2 p.S352F,False,2.17
PLCXD1 p.E267K,False,2.17
PLCH1 p.D1682G,False,2.17
POLQ p.P1891L,False,2.17
PLCE1 p.R1495Q,False,2.17
PIWIL1 p.D766N,False,2.17
PKD1 p.V2356G,False,2.17
PKD1L1 p.H498R,False,2.17
PKD1L1 p.R1570T,False,2.17
PKD2 p.S263F,False,2.17
PKD2L1 p.P746S,False,2.17
PKD2L1 p.V106I,False,2.17
PKHD1L1 p.G2368R,False,2.17
PKHD1L1 p.G2416E,False,2.17
PKIB p.R23K,False,2.17
PKN2 p.F534Y,False,2.17
PKNOX1 p.D90Kfs*4,False,2.17
PKP2 p.K668R,False,2.17
PLA1A p.G90R,False,2.17
PLA1A p.P58S,False,2.17
PLA2G2D p.P43R,False,2.17
PLA2G4A p.P54S,False,2.17
PLA2G4F p.X558_splice,False,2.17
PLA2R1 p.L1066F,False,2.17
PLAAT4 p.H35Y,False,2.17
PLAAT5 p.G133*,False,2.17
PLAGL2 p.V438D,False,2.17
PLB1 p.V207=,False,2.17
PLBD1 p.D204N,False,2.17
PLCB4 p.E19K,False,2.17
PLCB4 p.I799L,False,2.17
PLCD3 p.R291H,False,2.17
POLE p.S964F,True,2.17
POM121L12 p.F283I,False,2.17
PIM2 p.P134T,False,2.17
PRAMEF18 p.L237V,False,2.17
PPP6R2 p.Q448H,False,2.17
PPP6R3 p.S729F,False,2.17
PPP6R3 p.X731_splice,False,2.17
PPRC1 p.V1011F,False,2.17
PRAG1 p.A843E,False,2.17
PRAG1 p.E540G,False,2.17
PRAG1 p.P149T,False,2.17
PRAM1 p.E182K,False,2.17
PRAME p.Q291L,False,2.17
PRAMEF14 p.R94C,False,2.17
PRAMEF14 p.R94H,False,2.17
PRAMEF15 p.X292_splice,False,2.17
PRAMEF2 p.P126S,False,2.17
PPP3CC p.S290R,False,2.17
PRAMEF6 p.G387E,False,2.17
PRB1 p.G246R,False,2.17
PRB4 p.G106R,False,2.17
PRB4 p.G127R,False,2.17
PRDM10 p.H72Y,False,2.17
PRDM14 p.C519*,False,2.17
PRDM15 p.F639Y,False,2.17
PRDM2 p.P1370S,False,2.17
PRDM9 p.W356L,False,2.17
PRDM9 p.X382_splice,False,2.17
PREX1 p.Q722H,False,2.17
PREX2 p.R1374W,False,2.17
PPP5C p.A209V,False,2.17
PPP2R5E p.D452N,False,2.17
PON1 p.W202C,False,2.17
PPIL6 p.I298T,False,2.17
PORCN p.R367H,False,2.17
POT1 p.P357S,False,2.17
POU4F2 p.P96=,False,2.17
POU6F2 p.P443L,False,2.17
PPARGC1B p.S854*,False,2.17
PPDPFL p.R13K,False,2.17
PPEF1 p.R12K,False,2.17
PPFIA1 p.D577Y,False,2.17
PPFIA2 p.R290L,False,2.17
PPFIA2 p.R738W,False,2.17
PPFIA2 p.R763P,False,2.17
PPHLN1 p.P353Lfs*2,False,2.17
PPP1R12A p.A615V,False,2.17
PPP2R3A p.R938M,False,2.17
PPP1R12C p.R558K,False,2.17
PPP1R13L p.P247L,False,2.17
PPP1R13L p.P247S,False,2.17
PPP1R21 p.Q681*,False,2.17
PPP1R21 p.S680F,False,2.17
PPP1R35 p.V165A,False,2.17
PPP1R3A p.A942T,False,2.17
PPP1R3A p.E392K,False,2.17
PPP1R3A p.I766Sfs*3,False,2.17
PPP1R3F p.G605R,False,2.17
PPP2R2A p.D414H,True,2.17
PPP2R2B p.E56=,False,2.17
PIN4 p.S114F,False,2.17
PIK3R1 p.X523_splice,True,2.17
PCDHA3 p.H118Y,False,2.17
PCSK5 p.A310V,False,2.17
PCLO p.G1967E,False,2.17
PCLO p.K5126N,False,2.17
PCLO p.L4142F,False,2.17
PCLO p.M3501L,False,2.17
PCLO p.R1020K,False,2.17
PCLO p.S1346L,False,2.17
PCLO p.T3739P,False,2.17
PCMT1 p.S190F,False,2.17
PCNT p.S1552L,False,2.17
PCSK1 p.S645I,False,2.17
PCSK2 p.E586K,False,2.17
PCSK4 p.P589S,False,2.17
PCSK5 p.I333T,False,2.17
PCLO p.F3697Y,False,2.17
PDCD4 p.E346*,False,2.17
PDCD7 p.D275E,False,2.17
PDE12 p.A367T,False,2.17
PDE1A p.L322I,False,2.17
PDE1C p.R330*,False,2.17
PDE1C p.T651M,False,2.17
PDE3B p.K1088N,False,2.17
PDE3B p.W337R,False,2.17
PDE4A p.L660F,False,2.17
PDE4A p.T551I,False,2.17
PDE4DIP p.V1154A,False,2.17
PDE5A p.Q318K,False,2.17
PCLO p.G1750E,False,2.17
PCLO p.E4441K,False,2.17
PDGFRA p.M448R,True,2.17
PCDHB9 p.G42E,False,2.17
PCDHA7 p.H589N,False,2.17
PCDHA8 p.R146K,False,2.17
PCDHAC2 p.D690N,False,2.17
PCDHAC2 p.V594G,False,2.17
PCDHB10 p.G149E,False,2.17
PCDHB12 p.S60P,False,2.17
PCDHB13 p.E204V,False,2.17
PCDHB15 p.D477N,False,2.17
PCDHB15 p.K141E,False,2.17
PCDHB6 p.R528C,False,2.17
PCDHB8 p.D162N,False,2.17
PCDHB8 p.E311K,False,2.17
PCDHGA11 p.T187M,False,2.17
PCLO p.E2001K,False,2.17
PCDHGA2 p.C384F,False,2.17
PCDHGA2 p.N419S,False,2.17
PCDHGA4 p.R233C,False,2.17
PCDHGA4 p.R38C,False,2.17
PCDHGA5 p.G11E,False,2.17
PCDHGA8 p.L252F,False,2.17
PCDHGB3 p.V164D,False,2.17
PCDHGB3 p.V164I,False,2.17
PCDHGC5 p.P391L,False,2.17
PCDHGC5 p.P391S,False,2.17
PCED1A p.P201L,False,2.17
PCF11 p.P907S,False,2.17
PDE6A p.W728*,False,2.17
PDGFRB p.L1076F,True,2.17
PIK3CG p.V274I,True,2.17
PHYH p.V292M,False,2.17
PHF20L1 p.V227I,False,2.17
PHF21B p.L82F,False,2.17
PHF3 p.K978R,False,2.17
PHKA1 p.D46H,False,2.17
PHKA1 p.L1215R,False,2.17
PHKA1 p.M1030K,False,2.17
PHKA1 p.P560S,False,2.17
PHLDB1 p.R1229W,False,2.17
PHLDB2 p.E288K,False,2.17
PHLDB2 p.L409I,False,2.17
PHLDB3 p.E584K,False,2.17
PHRF1 p.L667V,False,2.17
PI4KA p.L104F,False,2.17
PHC1 p.Q51*,False,2.17
PI4KA p.P1457L,False,2.17
PI4KA p.P213S,False,2.17
PIGB p.P453L,False,2.17
PIGC p.D147V,False,2.17
PIGG p.S643F,False,2.17
PIK3AP1 p.S217Y,False,2.17
PIK3C2B p.D896E,True,2.17
PIK3C2G p.I437Nfs*19,True,2.17
PIK3C2G p.I948V,True,2.17
PIK3CA p.K886E,True,2.17
PIK3CA p.Q546K,True,2.17
PIK3CG p.H89Y,True,2.17
PHF13 p.D174N,False,2.17
PHB p.G176E,False,2.17
PDHA2 p.E335K,False,2.17
PER2 p.E1242K,False,2.17
PDYN p.E170K,False,2.17
PDZRN3 p.R727C,False,2.17
PEAK1 p.L1500P,False,2.17
PEG3 p.E1249K,False,2.17
PEG3 p.K66E,False,2.17
PEG3 p.P111L,False,2.17
PELI3 p.G450E,False,2.17
PELO p.N166I,False,2.17
PENK p.T9S,False,2.17
PEPD p.H177N,False,2.17
PER1 p.P902S,False,2.17
PER1 p.P956S,False,2.17
PER3 p.G970D,False,2.17
PHACTR2 p.A21T,False,2.17
PER3 p.G970S,False,2.17
PEX1 p.M1157I,False,2.17
PEX5 p.T630I,False,2.17
PEX5L p.E350K,False,2.17
PEX5L p.R523C,False,2.17
PFAS p.I1249M,False,2.17
PFKFB4 p.R351W,False,2.17
PFKL p.Q476*,False,2.17
PGBD2 p.M30L,False,2.17
PGM1 p.G125E,False,2.17
PGM5 p.I417T,False,2.17
PGS1 p.Y406N,False,2.17
PRG4 p.G711E,False,2.17
PRG4 p.R1391S,False,2.17
PRICKLE1 p.E310K,False,2.17
RASGRF2 p.G890E,False,2.17
RETNLB p.D86N,False,2.17
RFPL2 p.H327Y,False,2.17
RFPL3 p.P20L,False,2.17
RFWD3 p.S599L,False,2.17
RFX6 p.G183E,False,2.17
RGPD1 p.R793G,False,2.17
RGS12 p.L380F,False,2.17
RGS18 p.E2G,False,2.17
RGS7 p.E315K,False,2.17
RHCG p.A189T,False,2.17
RHOBTB1 p.D328N,False,2.17
RHOBTB1 p.H468Y,False,2.17
RHOV p.V79M,False,2.17
RHPN2 p.R405C,False,2.17
RICTOR p.L555I,True,2.17
RIF1 p.P1864S,False,2.17
RIMBP2 p.G325E,False,2.17
RIMBP2 p.S395F,False,2.17
RIMBP2 p.S815Y,False,2.17
RIMS2 p.E77A,False,2.17
RIMS2 p.S1563F,False,2.17
RIMS2 p.T98R,False,2.17
RIOK1 p.Y147C,False,2.17
RIPK2 p.E330A,False,2.17
RIPK4 p.S173L,False,2.17
RIT1 p.A80=,True,2.17
RIT1 p.E81K,True,2.17
RET p.S859*,True,2.17
RERGL p.P184L,False,2.17
RERE p.G243E,False,2.17
RBM17 p.E187=,False,2.17
RASSF7 p.A173T,False,2.17
RASSF8 p.K250*,False,2.17
RB1 p.G801Efs*9,True,2.17
RB1 p.K574Nfs*36,True,2.17
RB1 p.M379*,True,2.17
RB1 p.X313_splice,True,2.17
RBBP6 p.S1168L,True,2.17
RBBP8 p.S379F,False,2.17
RBBP8NL p.X209_splice,False,2.17
RBFOX1 p.L363F,False,2.17
RBFOX1 p.P33S,False,2.17
RBM12B p.R274K,False,2.17
RBM27 p.N613S,False,2.17
REPS1 p.P238T,False,2.17
RBM28 p.Y737Ifs*53,False,2.17
RBM3 p.R131C,False,2.17
RBM47 p.A29V,False,2.17
RBM48 p.X150_splice,False,2.17
RCBTB1 p.S164F,False,2.17
RCN3 p.S6L,False,2.17
RDH10 p.K278N,False,2.17
RECQL5 p.P834H,False,2.17
RELA p.P256S,False,2.17
RELN p.G1162S,False,2.17
RELN p.X430_splice,False,2.17
REPIN1 p.H134R,False,2.17
RMC1 p.S489F,False,2.17
RMC1 p.V88Gfs*27,False,2.17
RMND5A p.R340C,False,2.17
RYR2 p.E3073K,False,2.17
RUVBL2 p.X294_splice,False,2.17
RXFP1 p.P517S,False,2.17
RXFP2 p.L55P,False,2.17
RXFP2 p.P51S,False,2.17
RYR1 p.D3986N,False,2.17
RYR1 p.E262K,False,2.17
RYR1 p.E5017*,False,2.17
RYR1 p.G3390C,False,2.17
RYR1 p.P3293S,False,2.17
RYR1 p.R1670H,False,2.17
RYR1 p.S3446F,False,2.17
RYR1 p.W3985*,False,2.17
RYR2 p.E4348K,False,2.17
RTEL1 p.M666R,False,2.17
RYR2 p.E4569K,False,2.17
RYR2 p.G2578E,False,2.17
RYR2 p.K4960T,False,2.17
RYR2 p.R1943G,False,2.17
RYR2 p.T1393P,False,2.17
RYR2 p.T2708A,False,2.17
RYR3 p.G4634D,False,2.17
SACS p.D2973N,False,2.17
SAGE1 p.V437I,False,2.17
SALL1 p.P351Q,False,2.17
SALL2 p.V217M,False,2.17
SALL3 p.N845S,False,2.17
RTTN p.P1629L,False,2.17
RTBDN p.P202L,False,2.17
RNASE10 p.D116N,False,2.17
ROR2 p.X208_splice,False,2.17
RNASE2 p.R145Q,False,2.17
RNF112 p.G217S,False,2.17
RNF130 p.F387S,False,2.17
RNF138 p.Q232K,False,2.17
RNF150 p.G176R,False,2.17
RNF19A p.P718S,False,2.17
RNF213 p.E4378K,False,2.17
RNF213 p.K863E,False,2.17
RNF213 p.P2560S,False,2.17
RNF41 p.P281S,False,2.17
ROBO3 p.R133H,False,2.17
ROBO4 p.S778F,False,2.17
RP1L1 p.Q1916*,False,2.17
RSPO3 p.E239K,True,2.17
RP9 p.R150Q,False,2.17
RPH3A p.P184S,False,2.17
RPL11 p.X2_splice,False,2.17
RPL17-C18orf32 p.P158S,False,2.17
RPL7 p.A173T,False,2.17
RPRD1A p.E174K,False,2.17
RPS20 p.V15M,False,2.17
RRAS p.P21S,False,2.17
RRM2 p.I353V,False,2.17
RSAD1 p.Q310*,False,2.17
RSPH14 p.K241E,False,2.17
RSPH4A p.L500V,False,2.17
RASGRF2 p.R1102I,False,2.17
RASGRF1 p.R679H,False,2.17
PRKCB p.P112L,False,2.17
RASGEF1B p.S464F,False,2.17
PSEN2 p.X48_splice,False,2.17
PSG1 p.L75I,False,2.17
PSG1 p.S150F,False,2.17
PSG5 p.G254E,False,2.17
PSMB6 p.G180S,False,2.17
PSMC2 p.E14*,False,2.17
PSMC2 p.E406Q,False,2.17
PSMC3IP p.N211T,False,2.17
PSMF1 p.G195R,False,2.17
PSMF1 p.R133C,False,2.17
PSMF1 p.Y124C,False,2.17
PSTPIP1 p.E114K,False,2.17
PTCH2 p.Q220H,False,2.17
PTEN p.I67K,True,2.17
PTEN p.R130Q,True,2.17
PTGFRN p.F60L,False,2.17
PTGIS p.P387L,False,2.17
PTH1R p.S449F,False,2.17
PTK2 p.N637K,False,2.17
PTPDC1 p.E409*,False,2.17
PTPN18 p.A274T,False,2.17
PTPN21 p.P134L,False,2.17
PTPN21 p.S621R,False,2.17
PTPN5 p.V478G,False,2.17
PTPN7 p.E69*,False,2.17
PTPRA p.G740R,False,2.17
PTPRB p.S37C,False,2.17
PSD3 p.R980C,False,2.17
PSD p.X949_splice,False,2.17
PRUNE2 p.W2250R,False,2.17
PRPF8 p.R2008*,False,2.17
PRKCB p.R610H,False,2.17
PRKCE p.E341K,False,2.17
PRKDC p.Q2864*,False,2.17
PRKG1 p.L96M,False,2.17
PRMT3 p.S108A,False,2.17
PRMT6 p.G298R,False,2.17
PRMT8 p.D375N,False,2.17
PRNP p.R148H,False,2.17
PROM2 p.R55C,False,2.17
PROSER1 p.E610Afs*47,False,2.17
PRPF6 p.G24=,False,2.17
PRPF8 p.G1127S,False,2.17
PRR27 p.K17=,False,2.17
PRUNE2 p.Q1835*,False,2.17
PRR27 p.X18_splice,False,2.17
PRR5-ARHGAP8 p.P632T,False,2.17
PRRC2A p.P1823S,False,2.17
PRRC2A p.R1039W,False,2.17
PRRC2B p.P653L,False,2.17
PRRC2C p.H798Y,False,2.17
PRRC2C p.S1478F,False,2.17
PRSS16 p.A457D,False,2.17
PRSS16 p.I234F,False,2.17
PRSS35 p.S203F,False,2.17
PRSS55 p.P49T,False,2.17
PRTG p.G1127V,False,2.17
PTPRC p.A11G,False,2.17
PTPRG p.Q620*,False,2.17
PTPRN2 p.A617T,False,2.17
RALGAPB p.P1396S,False,2.17
RABEP1 p.D207_K210del,False,2.17
RABL6 p.D397V,False,2.17
RAC1 p.P29S,True,2.17
RAD23A p.A118V,False,2.17
RAD23A p.Q250H,False,2.17
RAD54L2 p.L1013F,False,2.17
RAD54L2 p.R467H,False,2.17
RADX p.P336A,False,2.17
RAE1 p.A280T,False,2.17
RAI1 p.E1050K,False,2.17
RAI1 p.S571C,False,2.17
RALGAPA1 p.G1831E,False,2.17
RALGPS2 p.Q573R,False,2.17
RAB5IF p.A19T,False,2.17
RALYL p.N102K,False,2.17
RALYL p.R216C,False,2.17
RANBP2 p.F1134L,False,2.17
RANBP3 p.P102L,False,2.17
RAP1A p.D47A,False,2.17
RAP1GAP2 p.P420L,False,2.17
RAP1GAP2 p.P524S,False,2.17
RAP1GDS1 p.C202Hfs*5,False,2.17
RAPGEF5 p.A219D,False,2.17
RARA p.R347W,True,2.17
RARB p.E320*,False,2.17
RASEF p.L583F,False,2.17
RAB8A p.G18R,False,2.17
RAB3GAP1 p.P275S,False,2.17
PTPRO p.N278Y,True,2.17
PYGO2 p.P67L,False,2.17
PTPRR p.R187C,False,2.17
PTPRU p.T792A,False,2.17
PTPRZ1 p.P496L,False,2.17
PTTG1IP p.N94Mfs*4,False,2.17
PXDN p.P614S,False,2.17
PXDNL p.W1295*,False,2.17
PXYLP1 p.P384S,False,2.17
PYCR1 p.G297E,False,2.17
PYDC2 p.G36R,False,2.17
PYGB p.L145P,False,2.17
PYGM p.A654T,False,2.17
PYGO1 p.G100S,False,2.17
PYHIN1 p.L78I,False,2.17
RAB39B p.R135H,False,2.17
PYROXD1 p.V15Afs*24,False,2.17
PZP p.A1221T,False,2.17
QDPR p.A139V,False,2.17
QSOX2 p.S259L,False,2.17
R3HDM1 p.G650D,False,2.17
R3HDM1 p.G650S,False,2.17
RAB11FIP1 p.P1042S,False,2.17
RAB11FIP1 p.P774L,False,2.17
RAB18 p.V87L,False,2.17
RAB27A p.T207M,False,2.17
RAB2A p.E132Q,False,2.17
RAB38 p.E149Sfs*5,False,2.17
PCDHA3 p.H41L,False,2.17
PCDHA13 p.E301K,False,2.17
SAMD7 p.G162R,False,2.17
MUC5AC p.T4727I,False,2.17
MYLK2 p.S450L,False,2.17
MYO15A p.E1015*,False,2.17
MYO15A p.E2468K,False,2.17
MYO16 p.E1429K,False,2.17
MYO1B p.R796Q,False,2.17
MYO1E p.D665Y,False,2.17
MYO1F p.E1059Q,False,2.17
MYO1F p.Q1086*,False,2.17
MYO1H p.N384D,False,2.17
MYO3A p.V1386A,False,2.17
MYO3B p.E921*,False,2.17
MYO3B p.W103R,False,2.17
MYO5C p.E1089K,False,2.17
MYO5C p.H1182Y,False,2.17
MYO7B p.L522F,False,2.17
MYO9B p.P1263S,False,2.17
MYOCD p.A113V,True,2.17
MYOCD p.E888D,True,2.17
MYOCD p.V142L,True,2.17
MYOF p.E420K,False,2.17
MYT1 p.D729N,False,2.17
MYT1L p.C55*,False,2.17
MYT1L p.D65V,False,2.17
MYT1L p.Y519C,False,2.17
N4BP2L2 p.L570F,False,2.17
NAA80 p.P221L,False,2.17
NAALAD2 p.A731V,False,2.17
MYLK p.R1204W,False,2.17
MYLK p.P161T,False,2.17
MYLK p.P161Q,False,2.17
MYH11 p.E1000Q,False,2.17
MUC5B p.P4232L,False,2.17
MUC5B p.Q5560H,False,2.17
MUC5B p.S4755C,False,2.17
MUC5B p.V2210M,False,2.17
MUSK p.V210I,False,2.17
MYBPC2 p.N918K,False,2.17
MYBPC3 p.G1234E,False,2.17
MYC p.P59L,True,2.17
MYC p.P59S,True,2.17
MYCBP2 p.N4499Tfs*83,False,2.17
MYH1 p.W831C,False,2.17
MYH10 p.R1901H,False,2.17
MYH11 p.K663R,False,2.17
MYL6 p.H111R,False,2.17
MYH14 p.E350K,False,2.17
MYH14 p.P657Q,False,2.17
MYH15 p.Q622Cfs*15,False,2.17
MYH15 p.R1843C,False,2.17
MYH2 p.K1815E,False,2.17
MYH7 p.I1238S,False,2.17
MYH7B p.A899G,False,2.17
MYH7B p.Q1774H,False,2.17
MYH9 p.E1796D,False,2.17
MYH9 p.I17T,False,2.17
MYH9 p.M1910I,False,2.17
MYL1 p.A42T,False,2.17
NACC2 p.Q238E,False,2.17
NADSYN1 p.A497S,False,2.17
NAIF1 p.Q327H,False,2.17
NFKB1 p.M207I,False,2.17
NEK6 p.R167Q,False,2.17
NEK8 p.G653E,False,2.17
NELL1 p.V33I,False,2.17
NES p.P1520S,False,2.17
NES p.S666L,False,2.17
NEU3 p.Q224*,False,2.17
NEURL1 p.R454W,False,2.17
NEURL4 p.E421K,False,2.17
NEXMIF p.D1020Y,False,2.17
NF1 p.L1564F,True,2.17
NF1 p.X2215_splice,True,2.17
NFE2L3 p.D532Efs*3,False,2.17
NGRN p.A251V,False,2.17
NEFM p.K466N,False,2.17
NHS p.P385L,False,2.17
NIFK p.P186S,False,2.17
NKAIN2 p.S102L,False,2.17
NKTR p.S243I,False,2.17
NKTR p.S273F,False,2.17
NLGN1 p.P651L,False,2.17
NLGN2 p.P633L,False,2.17
NLGN3 p.P384S,False,2.17
NLRP12 p.E315K,False,2.17
NLRP12 p.R1021W,False,2.17
NLRP13 p.W82*,False,2.17
NLRP3 p.S1014T,False,2.17
NEGR1 p.V220A,False,2.17
NEDD9 p.W687*,False,2.17
NALCN p.R764H,False,2.17
NCDN p.G710S,False,2.17
NALCN p.V362L,False,2.17
NAPG p.L71P,False,2.17
NAPSA p.F111Y,False,2.17
NASP p.R531K,False,2.17
NAV3 p.E1621K,False,2.17
NBEA p.D2581N,False,2.17
NBEA p.P2576L,False,2.17
NBEA p.R2827C,False,2.17
NBEAL2 p.H2196Y,False,2.17
NBPF1 p.M1?,False,2.17
NBPF1 p.V2L,False,2.17
NCAM2 p.G741E,False,2.17
NCEH1 p.S184F,False,2.17
NEDD9 p.Q822K,False,2.17
NCKAP1 p.D760Vfs*17,False,2.17
NCOA1 p.S566A,False,2.17
NCOA5 p.E319K,False,2.17
NCOR2 p.P1070S,False,2.17
NDFIP2 p.S323I,False,2.17
NDST3 p.P246L,False,2.17
NDST4 p.L215F,False,2.17
NDST4 p.L81F,False,2.17
NDUFA9 p.X137_splice,False,2.17
NEB p.A3270T,False,2.17
NEB p.S5700F,False,2.17
NECAB3 p.S208F,False,2.17
MUC5B p.C1399W,False,2.17
MUC5AC p.F87V,False,2.17
PCDH9 p.E1092K,False,2.17
MUC3A p.S2511F,False,2.17
MIA2 p.G520A,False,2.17
MICAL1 p.S1057N,False,2.17
MICAL3 p.*2003Wext*27,False,2.17
MICALL2 p.P257S,False,2.17
MID1 p.T100I,False,2.17
MIEF1 p.P343L,False,2.17
MIER3 p.T361S,False,2.17
MIGA1 p.S551F,False,2.17
MINDY1 p.X193_splice,False,2.17
MIP p.V127M,False,2.17
MIPOL1 p.P100L,False,2.17
MISP p.D379N,False,2.17
MKI67 p.T2211R,False,2.17
MKRN3 p.M1?,False,2.17
MLEC p.Q100*,False,2.17
MLIP p.P44T,False,2.17
MLKL p.K422T,False,2.17
MMP10 p.A292S,False,2.17
MMP24 p.D275N,False,2.17
MMP26 p.G145R,False,2.17
MMRN1 p.E968V,False,2.17
MN1 p.D1288N,False,2.17
MORN3 p.M192I,False,2.17
MPDZ p.V476I,False,2.17
MPDZ p.V552E,False,2.17
MPO p.P297S,False,2.17
MPP2 p.M396T,False,2.17
MGAT5B p.R99Q,False,2.17
MGAT3 p.F340L,False,2.17
MGAM p.P106L,False,2.17
MED23 p.R1070K,False,2.17
MDM1 p.G537C,False,2.17
MDN1 p.K1513E,False,2.17
MECOM p.F770Y,False,2.17
MECOM p.P13S,False,2.17
MED1 p.R1516W,False,2.17
MED12L p.E1319D,False,2.17
MED12L p.P1834=,False,2.17
MED13L p.S1833C,False,2.17
MED14 p.P1450S,False,2.17
MED16 p.G649D,False,2.17
MED16 p.G649S,False,2.17
MED20 p.R212C,False,2.17
MEF2B p.P169L,True,2.17
MGAM p.G1252D,False,2.17
MEF2B p.R219Q,True,2.17
MEFV p.E583K,False,2.17
MEFV p.R354W,False,2.17
MEGF9 p.T488I,False,2.17
MEN1 p.D423G,True,2.17
MEOX2 p.Q86H,False,2.17
MERTK p.G677R,True,2.17
METTL15 p.R182K,False,2.17
MFSD10 p.S160Y,False,2.17
MFSD2B p.D316Y,False,2.17
MFSD9 p.X100_splice,False,2.17
MGA p.L622V,False,2.17
MPP2 p.R428C,False,2.17
MRC1 p.E724D,False,2.17
MRC1 p.L238S,False,2.17
MUC16 p.N3913T,False,2.17
MTHFSD p.M168L,False,2.17
MTMR12 p.V195L,False,2.17
MTMR3 p.S1102N,False,2.17
MTNR1A p.P9S,False,2.17
MTRR p.S535F,True,2.17
MTUS2 p.E455K,False,2.17
MTUS2 p.Q1168*,False,2.17
MUC1 p.R1224C,False,2.17
MUC16 p.E3524K,False,2.17
MUC16 p.E4911K,False,2.17
MUC16 p.E7955D,False,2.17
MUC16 p.H5741Q,False,2.17
MUC16 p.P3607S,False,2.17
MTFR1 p.V79A,False,2.17
MUC16 p.P8776L,False,2.17
MUC16 p.R2358W,False,2.17
MUC16 p.S6194L,False,2.17
MUC16 p.T11432R,False,2.17
MUC16 p.T12336I,False,2.17
MUC17 p.L3125F,False,2.17
MUC17 p.P1037L,False,2.17
MUC17 p.P1037S,False,2.17
MUC17 p.S1645I,False,2.17
MUC17 p.S2116I,False,2.17
MUC17 p.S3098A,False,2.17
MUC3A p.G2771E,False,2.17
MTHFR p.I479M,True,2.17
MTFMT p.A383S,False,2.17
MRC2 p.W259*,False,2.17
MRPL19 p.G157A,False,2.17
MRGPRE p.T101R,False,2.17
MRGPRF p.A86G,False,2.17
MRGPRX3 p.A182T,False,2.17
MROH1 p.D554N,False,2.17
MROH1 p.G970D,False,2.17
MROH1 p.G970S,False,2.17
MROH2B p.L689H,False,2.17
MROH2B p.W1255R,False,2.17
MROH5 p.F1026=,False,2.17
MROH7 p.E725K,False,2.17
MROH7 p.S99F,False,2.17
MRPL15 p.R11W,False,2.17
MRPS21 p.F74L,False,2.17
MTCL1 p.T1756I,False,2.17
MS4A1 p.P280S,False,2.17
MS4A12 p.A27S,False,2.17
MS4A14 p.H31Y,False,2.17
MS4A14 p.R484G,False,2.17
MS4A2 p.I92L,False,2.17
MS4A2 p.S137G,False,2.17
MS4A4A p.S114L,False,2.17
MSANTD1 p.G150R,False,2.17
MSLN p.X410_splice,False,2.17
MSLNL p.A254V,False,2.17
MSX2 p.A232T,False,2.17
MTARC1 p.K295=,False,2.17
NLRP7 p.G439R,False,2.17
NLRP7 p.Q517*,False,2.17
NLRP8 p.R540P,False,2.17
NLRX1 p.A48V,False,2.17
OR51D1 p.K3N,False,2.17
OR51D1 p.R67Q,False,2.17
OR51F1 p.E120K,False,2.17
OR51F1 p.F247L,False,2.17
OR51I2 p.A227P,False,2.17
OR52A5 p.R133K,False,2.17
OR52B2 p.C243W,False,2.17
OR52B6 p.G322V,False,2.17
OR52E2 p.S259F,False,2.17
OR52H1 p.E23K,False,2.17
OR52M1 p.Y62*,False,2.17
OR52N4 p.D315N,False,2.17
OR52R1 p.P288S,False,2.17
OR56B1 p.W32C,False,2.17
OR5A2 p.M261K,False,2.17
OR5D18 p.S189F,False,2.17
OR5F1 p.L21P,False,2.17
OR5H14 p.A256S,False,2.17
OR5L1 p.A237T,False,2.17
OR5L1 p.P129L,False,2.17
OR5P2 p.G92E,False,2.17
OR5P2 p.G92R,False,2.17
OR5T2 p.L134F,False,2.17
OR5V1 p.C127*,False,2.17
OR5V1 p.G96R,False,2.17
OR6A2 p.A229S,False,2.17
OR6C1 p.F299L,False,2.17
OR51B6 p.S215F,False,2.17
OR51B6 p.R168Q,False,2.17
OR4Q3 p.P147S,False,2.17
OR2T12 p.A169V,False,2.17
OR2B11 p.V128M,False,2.17
OR2C3 p.L184F,False,2.17
OR2G2 p.P290H,False,2.17
OR2G3 p.L63P,False,2.17
OR2G6 p.D316V,False,2.17
OR2G6 p.L66F,False,2.17
OR2H1 p.Y33N,False,2.17
OR2J3 p.H179N,False,2.17
OR2L8 p.C96F,False,2.17
OR2L8 p.R121C,False,2.17
OR2M5 p.A300T,False,2.17
OR2T1 p.N174K,False,2.17
OR2T2 p.S231F,False,2.17
OR4K13 p.A297V,False,2.17
OR2V2 p.W235*,False,2.17
OR2Y1 p.R122L,False,2.17
OR4A47 p.C205F,False,2.17
OR4A47 p.P282L,False,2.17
OR4B1 p.S154F,False,2.17
OR4C11 p.V269L,False,2.17
OR4C15 p.R175C,False,2.17
OR4C46 p.V99D,False,2.17
OR4D1 p.R54W,False,2.17
OR4E2 p.M81V,False,2.17
OR4F15 p.L66F,False,2.17
OR4F21 p.S75F,False,2.17
OR6C68 p.P227S,False,2.17
OR6C76 p.F26S,False,2.17
OR6C76 p.G39E,False,2.17
PASD1 p.R417C,False,2.17
PAPOLB p.I115T,False,2.17
PAPOLG p.F152I,False,2.17
PAPPA p.P768S,False,2.17
PAPPA p.S243I,False,2.17
PAPPA2 p.D453V,False,2.17
PAPPA2 p.P1724L,False,2.17
PARD6B p.S319L,False,2.17
PARN p.Q215*,False,2.17
PARP10 p.P381H,False,2.17
PARP8 p.V814I,False,2.17
PARVG p.L143F,False,2.17
PASD1 p.P673L,False,2.17
PASK p.Q1078*,False,2.17
PAK3 p.G56E,False,2.17
PATZ1 p.D343N,False,2.17
PAX6 p.P412R,False,2.17
PAX6 p.P76S,False,2.17
PBRM1 p.R982K,True,2.17
PBXIP1 p.P538S,False,2.17
PCDH1 p.S284F,False,2.17
PCDH11Y p.P181L,False,2.17
PCDH12 p.A749T,False,2.17
PCDH15 p.G1012R,False,2.17
PCDH15 p.G1468E,False,2.17
PCDH15 p.P1187T,False,2.17
PCDH7 p.L126Q,False,2.17
PALD1 p.Q148*,False,2.17
PAIP1 p.V380L,False,2.17
OR6T1 p.R122C,False,2.17
OSMR p.V631L,False,2.17
OR6Y1 p.S72F,False,2.17
OR7C2 p.F178V,False,2.17
OR7G1 p.C169*,False,2.17
OR8B4 p.R164*,False,2.17
OR8D2 p.L226F,False,2.17
OR8H2 p.F102L,False,2.17
OR8K1 p.K14Rfs*2,False,2.17
OR8K3 p.L187W,False,2.17
OR9I1 p.P129L,False,2.17
ORAI3 p.K173E,False,2.17
OSBPL1A p.I329T,False,2.17
OSBPL3 p.A231V,False,2.17
OSTN p.G117C,False,2.17
PAH p.E368K,False,2.17
OTOF p.P1070S,False,2.17
OTP p.A114T,False,2.17
OTUD7B p.S108F,False,2.17
P2RY12 p.V102I,False,2.17
PABPC1L p.P439L,False,2.17
PABPC3 p.G558D,False,2.17
PACS2 p.E808K,False,2.17
PACSIN1 p.H122Y,False,2.17
PADI2 p.G599S,False,2.17
PADI3 p.V92F,False,2.17
PAF1 p.P89S,False,2.17
PAFAH1B3 p.R132W,False,2.17
OR2B11 p.Q84H,False,2.17
OR2A7 p.P17S,False,2.17
OR2A25 p.G46W,False,2.17
NR4A3 p.T48M,False,2.17
NPFFR2 p.F349L,False,2.17
NPHP4 p.V1016I,False,2.17
NPHS1 p.G1199E,False,2.17
NPHS2 p.E102K,False,2.17
NPTX1 p.G389E,False,2.17
NPTX2 p.D306G,False,2.17
NPTX2 p.L332M,False,2.17
NPTXR p.E425K,False,2.17
NPTXR p.G333S,False,2.17
NR0B1 p.P279S,False,2.17
NR0B1 p.Q276R,False,2.17
NR1D2 p.G478_M486del,False,2.17
NR6A1 p.N101I,False,2.17
NPAS3 p.P498L,False,2.17
NRAS p.Q61K,True,2.17
NRCAM p.G702E,False,2.17
NRDC p.I1196V,False,2.17
NRDE2 p.E349K,False,2.17
NRG3 p.Q705K,False,2.17
NRIP1 p.L1061M,False,2.17
NRXN2 p.K1703E,False,2.17
NRXN3 p.D178N,False,2.17
NSD2 p.A797V,True,2.17
NSD2 p.P75L,True,2.17
NSD2 p.P919S,True,2.17
NT5DC2 p.E209K,False,2.17
NPAS3 p.X434_splice,False,2.17
NPAS3 p.L80F,False,2.17
NTN4 p.V544L,False,2.17
NOMO2 p.D226H,False,2.17
NME1-NME2 p.S184C,False,2.17
NME9 p.K76*,False,2.17
NMT2 p.E371K,False,2.17
NMUR2 p.P47L,False,2.17
NMUR2 p.T128I,False,2.17
NOA1 p.L571S,False,2.17
NOC3L p.I377_V385del,False,2.17
NOD1 p.A707V,False,2.17
NOL10 p.M415L,False,2.17
NOL12 p.H100Y,False,2.17
NOL9 p.*703Wext*5,False,2.17
NOMO1 p.P345S,False,2.17
NOP2 p.L335Q,False,2.17
NPAP1 p.F840I,False,2.17
NOTCH1 p.G135V,True,2.17
NOTCH1 p.N1309I,True,2.17
NOTCH1 p.V1222M,True,2.17
NOTCH1 p.X135_splice,True,2.17
NOTCH1 p.X823_splice,True,2.17
NOTCH2 p.P426L,True,2.17
NOTCH3 p.L2300H,True,2.17
NOTCH3 p.P1792L,True,2.17
NOTCH4 p.P708L,False,2.17
NOTCH4 p.R1914C,False,2.17
NOTUM p.H419Y,False,2.17
NOX1 p.S446F,False,2.17
NTM p.D109N,False,2.17
NTRK2 p.T288A,True,2.17
OR2A12 p.G298R,False,2.17
OR11H12 p.G79E,False,2.17
OPTN p.L361Wfs*22,False,2.17
OR10A5 p.N295Y,False,2.17
OR10A7 p.M136I,False,2.17
OR10G8 p.A20V,False,2.17
OR10H1 p.L66P,False,2.17
OR10J3 p.G148R,False,2.17
OR10J3 p.P284L,False,2.17
OR10P1 p.P90L,False,2.17
OR10Q1 p.M41I,False,2.17
OR10W1 p.G272R,False,2.17
OR11A1 p.E9K,False,2.17
OR11G2 p.L101F,False,2.17
OR11L1 p.P79L,False,2.17
OPN1SW p.I15L,False,2.17
OR12D2 p.A154V,False,2.17
OR13C3 p.R20K,False,2.17
OR13C5 p.G147R,False,2.17
OR13G1 p.S104T,False,2.17
OR1A1 p.A154T,False,2.17
OR1A2 p.S75F,False,2.17
OR1A2 p.T223R,False,2.17
OR1B1 p.V165I,False,2.17
OR1F1 p.C169S,False,2.17
OR1G1 p.M136I,False,2.17
OR1L1 p.N315Y,False,2.17
OR1L4 p.M270I,False,2.17
OPN4 p.G373C,False,2.17
OPCML p.E260*,False,2.17
NUDCD2 p.F127I,False,2.17
NUP85 p.P317L,False,2.17
NUDT1 p.E100D,False,2.17
NUDT12 p.L275R,False,2.17
NUDT18 p.R170C,False,2.17
NUGGC p.L85F,False,2.17
NUMA1 p.K2075Q,False,2.17
NUP188 p.H960N,False,2.17
NUP205 p.W1512R,False,2.17
NUP214 p.P35L,False,2.17
NUP54 p.G27V,False,2.17
NUP54 p.G55S,False,2.17
NUP85 p.C457*,False,2.17
NUP85 p.M398I,False,2.17
NUP93 p.L208F,False,2.17
OMG p.L193F,False,2.17
NUTM2F p.A175G,False,2.17
NWD1 p.A525V,False,2.17
NXF1 p.X237_splice,False,2.17
NXPH3 p.S189*,False,2.17
OBSCN p.E7243K,False,2.17
OBSCN p.S349L,False,2.17
OBSL1 p.K261R,False,2.17
OCIAD1 p.R46T,False,2.17
ODR4 p.S240F,False,2.17
OGT p.L937F,False,2.17
OLFML3 p.G267D,False,2.17
OLFML3 p.G267S,False,2.17
SAMD4B p.R161Q,False,2.17
SAMHD1 p.A317S,False,2.17
SAMD9 p.E152K,True,2.17
TSPOAP1 p.E1344*,False,2.17
TTN p.A1579D,False,2.17
TTN p.G2334R,False,2.17
TTN p.G2334V,False,2.17
TTN p.L28029F,False,2.17
TTN p.L3624F,False,2.17
TTN p.R12676*,False,2.17
TTN p.R16327H,False,2.17
TTN p.R4075K,False,2.17
TTN p.R7672L,False,2.17
TTN p.S26497R,False,2.17
TTN p.W2565*,False,2.17
TTPA p.K71*,False,2.17
TUBA3C p.E254D,False,2.17
TUBA4A p.E183Q,False,2.17
TUBB2B p.M1?,False,2.17
TUBB2B p.R213H,False,2.17
TUBB4A p.D295H,False,2.17
TUBB6 p.L84P,False,2.17
TUBB8 p.G360E,False,2.17
TUBGCP2 p.Y843C,False,2.17
TUBGCP5 p.R432L,False,2.17
TUBGCP5 p.R724W,False,2.17
TUBGCP5 p.V894L,False,2.17
TXLNB p.S575F,False,2.17
TXNRD1 p.A116S,False,2.17
TXNRD1 p.I450F,False,2.17
TXNRD1 p.K342M,False,2.17
TTLL9 p.R277C,False,2.17
TTLL8 p.L135F,False,2.17
TTLL5 p.K826_N827del,False,2.17
TTC25 p.D346N,False,2.17
TSR1 p.R499Q,False,2.17
TSSK1B p.E301K,False,2.17
TST p.E144K,False,2.17
TSTD2 p.V170M,False,2.17
TTBK1 p.G361R,False,2.17
TTBK1 p.R696Q,False,2.17
TTBK2 p.E703K,False,2.17
TTC1 p.K250*,False,2.17
TTC17 p.G790R,False,2.17
TTC21A p.C799Y,False,2.17
TTC22 p.R300H,False,2.17
TTC23L p.V319L,False,2.17
TTC26 p.Q465K,False,2.17
TTLL13P p.R197H,False,2.17
TTC3 p.A358T,False,2.17
TTC30B p.D128N,False,2.17
TTC39B p.F184Y,False,2.17
TTC6 p.K380N,False,2.17
TTC7A p.V833L,False,2.17
TTF1 p.S662R,False,2.17
TTI1 p.Q348*,False,2.17
TTK p.P488S,False,2.17
TTLL1 p.G217E,False,2.17
TTLL1 p.G217R,False,2.17
TTLL1 p.P94L,False,2.17
TTLL10 p.R290C,False,2.17
TXNRD2 p.P75L,False,2.17
TXNRD2 p.P75S,False,2.17
U2AF2 p.M323I,False,2.17
USO1 p.I628M,False,2.17
UPF2 p.E1034Q,False,2.17
UQCRB p.A6V,False,2.17
UQCRC1 p.M179V,False,2.17
URGCP p.A161Lfs*21,False,2.17
USH1C p.S327F,False,2.17
USH1G p.D333N,False,2.17
USH1G p.V256L,False,2.17
USH2A p.L1769R,False,2.17
USH2A p.N1565H,False,2.17
USH2A p.N1758I,False,2.17
USH2A p.R3119C,False,2.17
USHBP1 p.P570S,False,2.17
USP10 p.L650F,False,2.17
UNC93B1 p.W422R,False,2.17
USP24 p.S1686L,False,2.17
USP25 p.T286=,False,2.17
USP30 p.I401N,False,2.17
USP35 p.P874H,False,2.17
USP37 p.E480K,False,2.17
USP44 p.L302*,False,2.17
USP45 p.E453D,False,2.17
USP48 p.E260K,False,2.17
USP6 p.R912W,False,2.17
USP6 p.X1013_splice,False,2.17
UTP3 p.P246R,False,2.17
UTRN p.L404F,False,2.17
UNKL p.S40P,False,2.17
UNC93B1 p.S212F,False,2.17
UBAP1 p.K143Sfs*15,False,2.17
UGT2B11 p.M208I,False,2.17
UBE2I p.K49E,False,2.17
UBE2J1 p.S184R,False,2.17
UBE2O p.E1124Q,False,2.17
UBN2 p.S1079F,False,2.17
UBOX5 p.P389T,False,2.17
UBQLN2 p.P179T,False,2.17
UBQLN3 p.P381S,False,2.17
UBXN4 p.Q302R,False,2.17
UGDH p.S63F,False,2.17
UGGT1 p.G146R,False,2.17
UGGT2 p.H1240D,False,2.17
UGT1A6 p.D479N,False,2.17
UGT2B15 p.P192L,False,2.17
UNC93B1 p.A362T,False,2.17
UGT2B17 p.M251I,False,2.17
UGT2B17 p.P268L,False,2.17
UGT2B17 p.Y262N,False,2.17
UGT8 p.H50P,False,2.17
UHRF1BP1 p.H969Y,False,2.17
UHRF1BP1 p.P276L,False,2.17
ULBP1 p.K191*,False,2.17
ULK2 p.G728E,False,2.17
ULK4 p.E1145K,False,2.17
UNC13A p.T789N,False,2.17
UNC13D p.R102Q,False,2.17
UNC79 p.Q1967R,False,2.17
TSPOAP1 p.E1846*,False,2.17
TSKS p.G45R,False,2.17
TMPRSS6 p.R43C,False,2.17
TSHZ2 p.S846Efs*28,False,2.17
TNXB p.R914W,False,2.17
TOGARAM2 p.P927L,False,2.17
TOM1L1 p.A183S,False,2.17
TONSL p.A324T,False,2.17
TONSL p.G1144D,False,2.17
TOP1MT p.K490N,False,2.17
TOP2A p.E1242D,False,2.17
TOR1A p.H140R,False,2.17
TOR1A p.P308L,False,2.17
TP53 p.C135R,True,2.17
TP53 p.C242S,True,2.17
TP53 p.E286K,True,2.17
TP53 p.E298*,True,2.17
TP53 p.F270del,True,2.17
TP53 p.H179Q,True,2.17
TP53 p.H214R,True,2.17
TP53 p.K120Tfs*2,True,2.17
TP53 p.K132R,True,2.17
TP53 p.N268*,True,2.17
TP53 p.R175H,True,2.17
TP53 p.R213Dfs*34,True,2.17
TP53 p.R213P,True,2.17
TP53 p.R335Vfs*10,True,2.17
TP53 p.T256Ifs*90,True,2.17
TP53 p.X125_splice,True,2.17
TP53 p.X307_splice,True,2.17
TP53 p.X332_splice,True,2.17
TNXB p.Q3340*,False,2.17
TNXB p.P3454L,False,2.17
TNXB p.P3400L,False,2.17
TNIK p.G700R,False,2.17
TMPRSS9 p.G602E,False,2.17
TMPRSS9 p.G602R,False,2.17
TMTC2 p.P42L,False,2.17
TMTC3 p.E805Dfs*7,False,2.17
TMUB1 p.L167I,False,2.17
TNC p.E138K,False,2.17
TNFRSF10D p.V217M,False,2.17
TNFRSF19 p.S160F,False,2.17
TNFRSF1A p.R426H,False,2.17
TNFRSF21 p.F576L,False,2.17
TNFRSF9 p.G70S,False,2.17
TNFSF15 p.G74R,False,2.17
TNIP1 p.P573S,False,2.17
TNXB p.D3021N,False,2.17
TNK2 p.E238*,True,2.17
TNK2 p.G135D,True,2.17
TNK2 p.G135S,True,2.17
TNN p.X442_splice,False,2.17
TNNI3K p.G701W,False,2.17
TNPO1 p.F538I,False,2.17
TNR p.R605C,False,2.17
TNR p.S783F,False,2.17
TNRC18 p.E1736K,False,2.17
TNRC6C p.T645K,False,2.17
TNS1 p.I1292K,False,2.17
TNS3 p.V183L,False,2.17
TP53BP2 p.S477F,False,2.17
TP53INP1 p.L73F,False,2.17
TP53TG5 p.R269G,False,2.17
TRPC7 p.G187D,False,2.17
TRIM69 p.P128T,False,2.17
TRIM71 p.G788D,False,2.17
TRIM75P p.S265*,False,2.17
TRMT10A p.P31L,False,2.17
TRMT10A p.P31S,False,2.17
TRNAU1AP p.M258I,False,2.17
TRPA1 p.N798D,False,2.17
TRPA1 p.X269_splice,False,2.17
TRPC3 p.E327Q,False,2.17
TRPC3 p.P397S,False,2.17
TRPC4 p.A302V,False,2.17
TRPC5 p.R464H,False,2.17
TRPC7 p.S485F,False,2.17
TRIM58 p.R445L,False,2.17
TRPM3 p.M650I,False,2.17
TRPM5 p.G91R,False,2.17
TRPM6 p.T1463I,False,2.17
TRPM8 p.E1061D,False,2.17
TRPM8 p.M878R,False,2.17
TRPV3 p.D91N,False,2.17
TRPV6 p.P557T,False,2.17
TRRAP p.X2558_splice,False,2.17
TSBP1 p.K282E,False,2.17
TSC1 p.Y948C,True,2.17
TSC2 p.A551*,True,2.17
TSHZ2 p.K28del,False,2.17
TRIM6 p.Q138L,False,2.17
TRIM49 p.E231G,False,2.17
TPH2 p.E174K,False,2.17
TRAV12-2 p.Q52L,False,2.17
TPH2 p.T476I,False,2.17
TPK1 p.G15=,False,2.17
TPR p.P1734L,False,2.17
TPRX1 p.D346G,False,2.17
TPST2 p.S191F,False,2.17
TPTE p.Y153C,False,2.17
TPX2 p.R440I,False,2.17
TRA2A p.R70*,False,2.17
TRAF6 p.G470C,False,2.17
TRAF7 p.G35V,True,2.17
TRANK1 p.R2425C,False,2.17
TRAPPC6B p.X89_splice,False,2.17
TRBV4-1 p.F66C,False,2.17
TRIM46 p.L320Wfs*99,False,2.17
TRDN p.D39N,False,2.17
TRGC1 p.E85*,False,2.17
TRGV9 p.G22V,False,2.17
TRHDE p.F200S,False,2.17
TRHR p.G39S,False,2.17
TRIM2 p.G442V,False,2.17
TRIM27 p.E178K,False,2.17
TRIM36 p.R579C,False,2.17
TRIM38 p.H37Y,False,2.17
TRIM42 p.G234E,False,2.17
TRIM42 p.G234R,False,2.17
TRIM43 p.D24N,False,2.17
UVRAG p.E630*,False,2.17
UVRAG p.L97F,False,2.17
VAMP7 p.H47N,False,2.17
VASP p.P189L,False,2.17
ZNF281 p.F741L,False,2.17
ZNF304 p.S347C,False,2.17
ZNF311 p.P138L,False,2.17
ZNF318 p.S2056F,False,2.17
ZNF322 p.F136Y,False,2.17
ZNF324B p.S263R,False,2.17
ZNF330 p.K224R,False,2.17
ZNF331 p.K165M,False,2.17
ZNF335 p.T1157del,False,2.17
ZNF341 p.G270E,False,2.17
ZNF343 p.M91L,False,2.17
ZNF347 p.T452I,False,2.17
ZNF366 p.K216*,False,2.17
ZNF418 p.L29F,False,2.17
ZNF419 p.G173V,False,2.17
ZNF430 p.E89D,False,2.17
ZNF433 p.L31F,False,2.17
ZNF462 p.P2113S,False,2.17
ZNF471 p.I147F,False,2.17
ZNF471 p.P345S,False,2.17
ZNF474 p.E250K,False,2.17
ZNF474 p.G146R,False,2.17
ZNF483 p.W224*,False,2.17
ZNF488 p.R295*,False,2.17
ZNF488 p.V150M,False,2.17
ZNF491 p.I398S,False,2.17
ZNF507 p.S897C,False,2.17
ZNF280A p.S192Y,False,2.17
ZNF277 p.D73N,False,2.17
ZNF257 p.T222S,False,2.17
ZMYM3 p.P403L,False,2.17
ZFHX4 p.N2700S,False,2.17
ZFP14 p.G290V,False,2.17
ZFP37 p.T219A,False,2.17
ZFP69B p.R327K,False,2.17
ZFX p.Q201K,False,2.17
ZFYVE9 p.P803S,False,2.17
ZFYVE9 p.R160K,False,2.17
ZIC2 p.E290K,False,2.17
ZIC3 p.X409_splice,False,2.17
ZMAT1 p.S421F,False,2.17
ZMYM2 p.T150N,False,2.17
ZMYM3 p.P396S,False,2.17
ZMYM4 p.S866F,False,2.17
ZNF257 p.P62L,False,2.17
ZNF155 p.S469T,False,2.17
ZNF174 p.P249S,False,2.17
ZNF208 p.E401K,False,2.17
ZNF208 p.H447Y,False,2.17
ZNF221 p.K373_G374delinsN,False,2.17
ZNF221 p.Q298R,False,2.17
ZNF225 p.G200W,False,2.17
ZNF225 p.P595A,False,2.17
ZNF229 p.R388*,False,2.17
ZNF233 p.G338R,False,2.17
ZNF234 p.W100*,False,2.17
ZNF253 p.Q95*,False,2.17
ZNF512 p.H458Y,False,2.17
ZNF512B p.P848L,False,2.17
ZNF519 p.T392I,False,2.17
ZNF831 p.R457C,False,2.17
ZNF768 p.R468C,False,2.17
ZNF790 p.K201E,False,2.17
ZNF790 p.Q50E,False,2.17
ZNF792 p.P449L,False,2.17
ZNF800 p.P577L,False,2.17
ZNF804A p.F1131Y,False,2.17
ZNF804B p.G149E,False,2.17
ZNF804B p.S835F,False,2.17
ZNF81 p.Y638C,False,2.17
ZNF823 p.H545R,False,2.17
ZNF827 p.S102F,False,2.17
ZNF831 p.D1067N,False,2.17
ZNF831 p.T1480N,False,2.17
ZNF763 p.D2=,False,2.17
ZNF836 p.P637L,False,2.17
ZNF846 p.H304N,False,2.17
ZNF85 p.W87L,False,2.17
ZNF99 p.E422G,False,2.17
ZNF99 p.H503Y,False,2.17
ZNRF3 p.S519F,False,2.17
ZNRF4 p.E318K,False,2.17
ZPBP p.Q196H,False,2.17
ZRANB3 p.A393P,False,2.17
ZSCAN20 p.P863S,False,2.17
ZSCAN31 p.P19L,False,2.17
ZSWIM8 p.E767K,False,2.17
ZNF768 p.E34D,False,2.17
ZNF746 p.P595S,False,2.17
ZNF521 p.E267G,False,2.17
ZNF615 p.G686E,False,2.17
ZNF521 p.Y409N,False,2.17
ZNF536 p.R365S,False,2.17
ZNF547 p.C270F,False,2.17
ZNF549 p.G42S,False,2.17
ZNF551 p.S386F,False,2.17
ZNF569 p.E109K,False,2.17
ZNF570 p.L96F,False,2.17
ZNF592 p.P570L,False,2.17
ZNF599 p.D160E,False,2.17
ZNF600 p.Q110K,False,2.17
ZNF606 p.P133L,False,2.17
ZNF609 p.L512P,False,2.17
ZNF615 p.I220T,False,2.17
ZNF721 p.P880L,False,2.17
ZNF618 p.E823K,False,2.17
ZNF644 p.D256Y,False,2.17
ZNF668 p.R212C,False,2.17
ZNF671 p.G246C,False,2.17
ZNF677 p.K74E,False,2.17
ZNF683 p.S24F,False,2.17
ZNF695 p.P379Q,False,2.17
ZNF700 p.R630K,False,2.17
ZNF705A p.P143S,False,2.17
ZNF71 p.C331Y,False,2.17
ZNF710 p.V247L,False,2.17
ZNF711 p.E267K,False,2.17
ZFHX3 p.P3218L,False,2.17
ZFHX3 p.E388Q,False,2.17
ZFAT p.V1187M,False,2.17
WDR49 p.T205I,False,2.17
VWF p.C2451F,False,2.17
WARS1 p.S94R,False,2.17
WARS2 p.R301H,False,2.17
WASF3 p.E163K,False,2.17
WASHC1 p.P272S,False,2.17
WDFY3 p.R2812T,False,2.17
WDPCP p.Y269H,False,2.17
WDR11 p.S873F,False,2.17
WDR17 p.L1148*,False,2.17
WDR24 p.T532M,False,2.17
WDR27 p.P533L,False,2.17
WDR46 p.A408T,False,2.17
WDR49 p.X388_splice,False,2.17
VWA3B p.X438_splice,False,2.17
WDR64 p.E495*,False,2.17
WDR7 p.L812F,False,2.17
WDR77 p.L287F,False,2.17
WDR90 p.A280V,False,2.17
WDTC1 p.S667T,False,2.17
WEE2 p.S255L,False,2.17
WHAMM p.Q366K,False,2.17
WIF1 p.I263T,False,2.17
WIPI1 p.R315K,False,2.17
WIZ p.G831S,False,2.17
WLS p.F271S,False,2.17
WLS p.G212E,False,2.17
VWCE p.Q89H,False,2.17
VWA3B p.K712N,False,2.17
WNK2 p.L843V,False,2.17
VOPP1 p.P153L,False,2.17
VAV1 p.L580Q,False,2.17
VAV1 p.V713G,False,2.17
VAV2 p.P808L,False,2.17
VAV2 p.P808S,False,2.17
VCAM1 p.L660S,False,2.17
VCX p.G9R,False,2.17
VCX2 p.F131Y,False,2.17
VCX3A p.T63M,False,2.17
VEGFD p.S32L,False,2.17
VILL p.H676Y,False,2.17
VN1R1 p.P165S,False,2.17
VN1R4 p.A117T,False,2.17
VPREB1 p.S90F,False,2.17
VTN p.E294Q,False,2.17
VPS13A p.D1691N,False,2.17
VPS13A p.N1008H,False,2.17
VPS13B p.A880V,False,2.17
VPS13B p.L403I,False,2.17
VPS13B p.R146Q,False,2.17
VPS13B p.S2075G,False,2.17
VPS13D p.E2628K,False,2.17
VPS51 p.V612I,False,2.17
VRK1 p.R103C,False,2.17
VRK3 p.S95F,False,2.17
VSTM2A p.T192M,False,2.17
VSX2 p.C209*,False,2.17
WNK1 p.A2237P,False,2.17
WNK2 p.P803S,False,2.17
ZFAT p.G950W,False,2.17
ZBP1 p.E44K,False,2.17
YY2 p.L324F,False,2.17
ZAN p.E932G,False,2.17
ZAN p.H1624Y,False,2.17
ZAP70 p.D303N,False,2.17
ZAP70 p.G28S,False,2.17
ZAP70 p.R496H,False,2.17
ZBBX p.K164*,False,2.17
ZBED1 p.Q53*,False,2.17
ZBED4 p.N548Kfs*9,False,2.17
ZBED9 p.E327K,False,2.17
ZBED9 p.L1186*,False,2.17
ZBED9 p.Q99K,False,2.17
ZBTB1 p.P368L,False,2.17
YTHDC2 p.S347Y,False,2.17
ZBTB18 p.D139N,False,2.17
ZBTB22 p.A122V,False,2.17
ZBTB22 p.P314S,False,2.17
ZBTB46 p.S152N,False,2.17
ZBTB8A p.P438L,False,2.17
ZC2HC1A p.V200F,False,2.17
ZC3HAV1 p.F722C,False,2.17
ZCCHC13 p.R96T,False,2.17
ZCCHC2 p.P642S,False,2.17
ZEB1 p.S771F,False,2.17
ZEB2 p.N347Yfs*8,False,2.17
ZFAT p.G950E,False,2.17
YTHDC2 p.T116I,False,2.17
YKT6 p.S52L,False,2.17
WNK3 p.S1453F,False,2.17
XIRP2 p.S2496L,False,2.17
WNK4 p.E714K,False,2.17
WNT2 p.G288S,False,2.17
WNT8B p.S7F,False,2.17
WRAP53 p.P501S,False,2.17
WWC1 p.E503K,False,2.17
WWP1 p.E796D,False,2.17
XIRP2 p.G2865E,False,2.17
XIRP2 p.H2552Y,False,2.17
XIRP2 p.P2999L,False,2.17
XIRP2 p.S1548F,False,2.17
XIRP2 p.S1781T,False,2.17
XIRP2 p.S2318F,False,2.17
XIRP2 p.S270F,False,2.17
YKT6 p.A57V,False,2.17
XKR4 p.R547Q,False,2.17
XKR7 p.W336L,False,2.17
XKRX p.P198L,False,2.17
XPNPEP1 p.A435V,False,2.17
XPO5 p.G1195W,False,2.17
XPO7 p.S293F,False,2.17
XYLT2 p.P617S,False,2.17
YAF2 p.P103S,False,2.17
YARS2 p.L61F,False,2.17
YIF1A p.I141M,False,2.17
YIF1B p.L304F,False,2.17
YIPF4 p.E192G,False,2.17
TMPRSS6 p.R588W,False,2.17
TMPRSS15 p.G653R,False,2.17
MCRS1 p.T41I,False,2.17
SLA p.G213R,False,2.17
SLC2A7 p.V342Wfs*24,False,2.17
SLC2A9 p.P409L,False,2.17
SLC30A8 p.A15D,False,2.17
SLC35D1 p.A45V,False,2.17
SLC35D3 p.Y297*,False,2.17
SLC35F1 p.A212V,False,2.17
SLC36A2 p.P438L,False,2.17
SLC38A10 p.R482C,False,2.17
SLC38A5 p.I357=,False,2.17
SLC39A2 p.S134L,False,2.17
SLC39A7 p.E469K,False,2.17
SLC3A1 p.G260R,False,2.17
SLC45A2 p.R135K,False,2.17
SLC45A2 p.R30K,False,2.17
SLC47A1 p.R118Q,False,2.17
SLC4A10 p.R437*,False,2.17
SLC4A11 p.R605P,False,2.17
SLC4A7 p.L1095F,False,2.17
SLC4A7 p.N791S,False,2.17
SLC52A3 p.G15V,False,2.17
SLC5A1 p.A535T,False,2.17
SLC5A7 p.A60S,False,2.17
SLC6A13 p.Q94P,False,2.17
SLC6A17 p.E53K,False,2.17
SLC6A4 p.S62F,False,2.17
SLC6A9 p.R554W,False,2.17
SLC7A14 p.A339D,False,2.17
SLC2A4 p.T471I,False,2.17
SLC28A2 p.V197=,False,2.17
SLC27A4 p.P415L,False,2.17
SLC22A2 p.A299T,False,2.17
SLAMF6 p.K114R,False,2.17
SLC12A4 p.K297N,False,2.17
SLC12A5 p.P413S,False,2.17
SLC12A9 p.S505_L508del,False,2.17
SLC16A4 p.L439F,False,2.17
SLC17A3 p.S74F,False,2.17
SLC17A6 p.G225E,False,2.17
SLC17A6 p.S309F,False,2.17
SLC18A2 p.G239E,False,2.17
SLC1A1 p.T247I,False,2.17
SLC20A2 p.E411K,False,2.17
SLC22A13 p.X449_splice,False,2.17
SLC22A25 p.R465=,False,2.17
SLC26A7 p.P19L,False,2.17
SLC22A25 p.S68C,False,2.17
SLC22A8 p.G456R,False,2.17
SLC22A9 p.M113I,False,2.17
SLC23A3 p.G149E,False,2.17
SLC24A5 p.D410N,False,2.17
SLC24A5 p.I189T,False,2.17
SLC25A13 p.G485D,False,2.17
SLC25A20 p.P246L,False,2.17
SLC25A39 p.P101S,False,2.17
SLC25A47 p.P141L,False,2.17
SLC25A6 p.V38=,False,2.17
SLC26A2 p.P586L,False,2.17
SLC7A2 p.L225F,False,2.17
SLC7A2 p.L84V,False,2.17
SLC7A8 p.E39K,False,2.17
SOCS2 p.R186K,False,2.17
SMG7 p.S1027F,False,2.17
SMYD5 p.V319L,False,2.17
SNAI1 p.S119F,False,2.17
SNAP29 p.E80K,False,2.17
SNAP29 p.X80_splice,False,2.17
SNCAIP p.T751I,True,2.17
SND1 p.Y697S,False,2.17
SNRNP200 p.E686D,False,2.17
SNRPB2 p.F177L,False,2.17
SNRPE p.I18M,False,2.17
SNTB1 p.E213K,False,2.17
SNX29 p.R668Q,False,2.17
SOGA1 p.G756E,False,2.17
SMCHD1 p.Y1179_Q1182del,False,2.17
SOGA1 p.G756R,False,2.17
SORCS1 p.G477R,False,2.17
SORCS2 p.V946M,False,2.17
SORL1 p.V1747M,False,2.17
SOX12 p.R257K,False,2.17
SOX17 p.Y407H,False,2.17
SOX3 p.R155C,False,2.17
SOX4 p.S411Afs*44,False,2.17
SP140L p.N442H,False,2.17
SP6 p.L301M,False,2.17
SPACA3 p.L174V,False,2.17
SPAG11B p.A43S,False,2.17
SMG6 p.D1118Y,False,2.17
SMC5 p.V114M,False,2.17
SLC7A9 p.Q201*,False,2.17
SLCO4A1 p.A266V,False,2.17
SLC8A1 p.V21D,False,2.17
SLC8A1 p.V21I,False,2.17
SLC8A2 p.K193N,False,2.17
SLC8A3 p.E111K,False,2.17
SLC8A3 p.P328Qfs*5,False,2.17
SLC9A3R2 p.N164S,False,2.17
SLC9A4 p.M713I,False,2.17
SLC9A4 p.R718K,False,2.17
SLC9B1 p.P231A,False,2.17
SLCO1B1 p.T244S,False,2.17
SLCO1B3-SLCO1B7 p.E721K,False,2.17
SLCO1C1 p.G120R,False,2.17
SLCO5A1 p.P456T,False,2.17
SMC4 p.S491L,False,2.17
SLFN13 p.P188L,False,2.17
SLFN13 p.P188S,False,2.17
SLIT2 p.R1479G,False,2.17
SLITRK3 p.Q749Kfs*44,False,2.17
SLITRK5 p.P375L,False,2.17
SLITRK6 p.G770R,False,2.17
SLMAP p.Q467R,False,2.17
SMAD3 p.S264F,False,2.17
SMAD4 p.R100S,True,2.17
SMARCA2 p.E1335*,False,2.17
SMARCA5 p.M289T,False,2.17
SMC4 p.P549S,False,2.17
SLAIN2 p.R221*,False,2.17
SKOR1 p.L886F,False,2.17
TMPRSS15 p.G206E,False,2.17
SKAP1 p.L6F,False,2.17
SCRN3 p.R264*,False,2.17
SCUBE1 p.M967V,False,2.17
SCUBE1 p.T867S,False,2.17
SCUBE2 p.C102*,False,2.17
SCUBE3 p.Q648R,False,2.17
SCUBE3 p.T261N,False,2.17
SDCBP2 p.S57F,False,2.17
SEC14L5 p.E477K,False,2.17
SEC14L5 p.Y649*,False,2.17
SEC16A p.L2038F,False,2.17
SEC16B p.P278S,False,2.17
SEC61B p.G91D,False,2.17
SEC63 p.Q452=,False,2.17
SEC63 p.V453M,False,2.17
SEL1L2 p.I284L,False,2.17
SEL1L2 p.T20I,False,2.17
SEL1L3 p.A798V,False,2.17
SELENOK p.P17L,False,2.17
SELENOV p.E297G,False,2.17
SELP p.E353G,False,2.17
SEMA3A p.E151=,False,2.17
SEMA4D p.E471G,False,2.17
SEMA5A p.P814L,False,2.17
SEMA6D p.V441A,False,2.17
SEMG1 p.A241V,False,2.17
SENP5 p.R242W,False,2.17
SEPTIN5 p.P162L,False,2.17
SCNN1G p.V75I,False,2.17
SCNN1G p.V17M,False,2.17
SCNN1D p.R189Q,False,2.17
SCAP p.P552L,False,2.17
SAMSN1 p.P289S,False,2.17
SAP130 p.E26K,False,2.17
SARDH p.P806S,False,2.17
SARM1 p.E197*,False,2.17
SASH1 p.R404I,False,2.17
SASH1 p.S516N,False,2.17
SATB2 p.R176C,False,2.17
SBF1 p.P877L,False,2.17
SBNO1 p.I384M,False,2.17
SBNO1 p.K544R,False,2.17
SBNO2 p.R783Sfs*5,False,2.17
SCAF8 p.E1220K,False,2.17
SCAP p.P552S,False,2.17
SCN9A p.S848F,False,2.17
SCGB1A1 p.E57K,False,2.17
SCGB2A2 p.V28G,False,2.17
SCGN p.R99C,False,2.17
SCN10A p.P1026S,False,2.17
SCN2A p.N795Y,False,2.17
SCN2A p.R1902C,False,2.17
SCN2A p.X324_splice,False,2.17
SCN4A p.H1030N,False,2.17
SCN5A p.K591*,False,2.17
SCN5A p.V1861F,False,2.17
SCN8A p.P117L,False,2.17
SCN9A p.L1394I,False,2.17
SERBP1 p.R108*,False,2.17
SERPINA4 p.Y327H,False,2.17
SERPINA7 p.S222N,False,2.17
SIGLEC14 p.D206N,False,2.17
SHOC2 p.L470F,True,2.17
SHOX p.R195*,False,2.17
SHROOM2 p.L1367V,False,2.17
SHROOM2 p.Q354*,False,2.17
SHROOM3 p.G506E,False,2.17
SHROOM3 p.L1898M,False,2.17
SI p.P972L,False,2.17
SI p.S664F,False,2.17
SIDT1 p.N475S,False,2.17
SIGIRR p.E379K,False,2.17
SIGLEC1 p.S858F,False,2.17
SIGLEC12 p.T352I,False,2.17
SIGLEC5 p.C453S,False,2.17
SHBG p.R25C,False,2.17
SIGLEC6 p.X338_splice,False,2.17
SIGLEC7 p.L153F,False,2.17
SIGLEC8 p.W191*,False,2.17
SIGLEC9 p.I51N,False,2.17
SIPA1 p.T448I,False,2.17
SIPA1L1 p.X1035_splice,False,2.17
SIPA1L2 p.R1496K,False,2.17
SIPA1L3 p.N1277K,False,2.17
SIRPD p.E88K,False,2.17
SIRT1 p.W221*,False,2.17
SIRT3 p.R340*,False,2.17
SKA3 p.D343N,False,2.17
SHOC1 p.I702N,False,2.17
SHARPIN p.P137L,False,2.17
SERPINB13 p.N157I,False,2.17
SF3B1 p.K700E,True,2.17
SERPINF2 p.G488S,False,2.17
SESTD1 p.P619S,False,2.17
SET p.E65K,False,2.17
SETBP1 p.E862*,True,2.17
SETD1A p.S762F,False,2.17
SETD5 p.Q1076P,False,2.17
SETD6 p.R113L,False,2.17
SETDB2 p.T290I,False,2.17
SETX p.P1909L,False,2.17
SEZ6L p.P199H,False,2.17
SEZ6L2 p.R272W,False,2.17
SF3A3 p.D319N,False,2.17
SF3B2 p.R330*,False,2.17
SHANK3 p.P1174S,False,2.17
SFMBT2 p.A416S,False,2.17
SFMBT2 p.E81K,False,2.17
SFMBT2 p.P395S,False,2.17
SGIP1 p.S760F,False,2.17
SGPL1 p.L195P,False,2.17
SGSM1 p.P195L,False,2.17
SH2D7 p.R144W,False,2.17
SH3GLB2 p.S207F,False,2.17
SHANK1 p.M289T,False,2.17
SHANK1 p.R2074H,False,2.17
SHANK2 p.R1208W,False,2.17
SHANK3 p.G1595V,False,2.17
SPAG17 p.E2137K,False,2.17
SPAG6 p.Q397*,False,2.17
SPAG7 p.D119N,False,2.17
SPAM1 p.G207E,False,2.17
TENT5D p.I321T,False,2.17
TEP1 p.X1668_splice,False,2.17
TERT p.N1120S,True,2.17
TERT p.R698W,True,2.17
TES p.G31E,False,2.17
TESK1 p.G189D,False,2.17
TET1 p.P863S,False,2.17
TET3 p.A362V,False,2.17
TET3 p.E942K,False,2.17
TET3 p.P1114L,False,2.17
TEX11 p.X510_splice,False,2.17
TEX13A p.S391L,False,2.17
TEX14 p.I560T,False,2.17
TEX2 p.L390V,False,2.17
TEX29 p.S112N,False,2.17
TEX55 p.R389K,False,2.17
TFAP2D p.I367L,False,2.17
TFAP4 p.P7S,False,2.17
TFIP11 p.E309K,False,2.17
TFR2 p.R774H,False,2.17
TG p.G2348R,False,2.17
TGDS p.Q228*,False,2.17
TGFBR3 p.S106F,False,2.17
TGFBRAP1 p.E419*,False,2.17
TGM1 p.F401C,False,2.17
TGM2 p.E329K,False,2.17
THAP7 p.Q200H,False,2.17
TENM4 p.K774*,False,2.17
TENM3 p.F2489S,False,2.17
TENM3 p.E225K,False,2.17
TCF7L2 p.X263_splice,True,2.17
TBX5 p.G507V,False,2.17
TBX5 p.R375W,False,2.17
TBX5 p.S432L,False,2.17
TBXT p.L400M,False,2.17
TCEAL5 p.S127F,False,2.17
TCERG1 p.L1051*,False,2.17
TCERG1L p.P387S,False,2.17
TCF12 p.Q614*,False,2.17
TCF20 p.P1265L,False,2.17
TCF20 p.P350S,False,2.17
TCF7L1 p.P159L,False,2.17
TCF7L2 p.S418F,True,2.17
TCHHL1 p.E740K,False,2.17
TENM2 p.S2598F,False,2.17
TCOF1 p.A115V,False,2.17
TCTN2 p.P172L,False,2.17
TCTN2 p.P172S,False,2.17
TDRD7 p.E644D,False,2.17
TEAD4 p.S312F,False,2.17
TECPR1 p.V667M,False,2.17
TECPR2 p.D564N,False,2.17
TECTA p.S175F,False,2.17
TEKT4 p.C254Y,False,2.17
TENM1 p.G739R,False,2.17
TENM1 p.L1200S,False,2.17
TENM1 p.S1137F,False,2.17
THEMIS2 p.P332L,False,2.17
THRAP3 p.Q98*,False,2.17
THSD7A p.K943I,False,2.17
TMEM231 p.G113E,False,2.17
TMEM132A p.R953Q,False,2.17
TMEM132B p.E488K,False,2.17
TMEM132B p.E790K,False,2.17
TMEM132B p.S491I,False,2.17
TMEM132B p.S64P,False,2.17
TMEM135 p.G313D,False,2.17
TMEM168 p.A515T,False,2.17
TMEM176A p.L133F,False,2.17
TMEM187 p.R83C,False,2.17
TMEM200A p.S238T,False,2.17
TMEM211 p.T182N,False,2.17
TMEM217 p.D120E,False,2.17
TMEM244 p.F81V,False,2.17
TMEM131 p.A1338T,False,2.17
TMEM255A p.A115V,False,2.17
TMEM255B p.P303L,False,2.17
TMEM259 p.P138S,False,2.17
TMEM266 p.R247W,False,2.17
TMEM35A p.R85H,False,2.17
TMEM63B p.D749N,False,2.17
TMEM87A p.D140V,False,2.17
TMEM94 p.E645K,False,2.17
TMIGD1 p.S28R,False,2.17
TMIGD2 p.P242L,False,2.17
TMLHE p.Q283E,False,2.17
TMPRSS11B p.W12G,False,2.17
TMEM131L p.L1366P,False,2.17
TMEM117 p.Q332K,False,2.17
THSD7A p.N234D,False,2.17
TLL1 p.R117K,False,2.17
THSD7B p.H498N,False,2.17
THSD7B p.P480S,False,2.17
TIE1 p.G433S,False,2.17
TIGD7 p.L12F,False,2.17
TIGD7 p.N534S,False,2.17
TIMM44 p.L25F,False,2.17
TIMP1 p.L187F,False,2.17
TINAG p.E135K,False,2.17
TJAP1 p.P321L,False,2.17
TJP2 p.P492S,False,2.17
TKTL1 p.S117C,False,2.17
TLK1 p.S105G,False,2.17
TLL2 p.W62Gfs*6,False,2.17
TMEM108 p.S506N,False,2.17
TLN2 p.G620R,False,2.17
TLR3 p.E460K,False,2.17
TLR5 p.L198F,False,2.17
TLR8 p.D930N,False,2.17
TLR9 p.M561L,False,2.17
TM2D1 p.S176L,False,2.17
TM4SF1 p.L70M,False,2.17
TM4SF1 p.Q180*,False,2.17
TM6SF2 p.M1?,False,2.17
TMC2 p.G51E,False,2.17
TMC7 p.K346T,False,2.17
TMCO3 p.R51W,False,2.17
TBX4 p.R95K,False,2.17
TBX22 p.S471F,False,2.17
TBX20 p.Y430C,False,2.17
SRRM1 p.P720L,False,2.17
SPTB p.A2171T,False,2.17
SPTBN2 p.A631V,False,2.17
SPTLC1 p.P72L,False,2.17
SRBD1 p.P473R,False,2.17
SRBD1 p.P473S,False,2.17
SRBD1 p.P822L,False,2.17
SRCAP p.M1415T,False,2.17
SREBF1 p.A759D,False,2.17
SRL p.G364R,False,2.17
SRPK1 p.E319K,False,2.17
SRPK1 p.K318N,False,2.17
SRPK2 p.P34T,False,2.17
SRRM1 p.P720S,False,2.17
SPTA1 p.Q236E,False,2.17
SRRM2 p.R1827W,False,2.17
SRRM2 p.R2274K,False,2.17
SRRM3 p.T116I,False,2.17
SSH1 p.E536K,False,2.17
SSUH2 p.G171E,False,2.17
ST18 p.D7N,False,2.17
ST18 p.E193K,False,2.17
ST18 p.H466Y,False,2.17
ST8SIA3 p.F138Y,False,2.17
STAB1 p.G2495E,False,2.17
STAB1 p.G2495R,False,2.17
STAC2 p.S39F,False,2.17
SPTAN1 p.I817_L823del,False,2.17
SPSB4 p.D239N,False,2.17
STAT1 p.T450M,False,2.17
SPEF2 p.E653Rfs*2,False,2.17
SPANXD p.N19K,False,2.17
SPATA19 p.L58P,False,2.17
SPATA25 p.W200Cfs*14,False,2.17
SPATA31A1 p.G271V,False,2.17
SPATA31D1 p.D230N,False,2.17
SPATA31D1 p.K1131N,False,2.17
SPATA31D1 p.S213L,False,2.17
SPATA31E1 p.Q1025K,False,2.17
SPDYC p.D68Y,False,2.17
SPDYC p.E67D,False,2.17
SPECC1L p.S5N,False,2.17
SPEF2 p.D721N,False,2.17
SPEN p.R100C,True,2.17
SPSB3 p.R25Q,False,2.17
SPG11 p.S1722*,False,2.17
SPHKAP p.E578G,False,2.17
SPHKAP p.E594K,False,2.17
SPHKAP p.F1038V,False,2.17
SPIB p.D10E,False,2.17
SPIN4 p.D173N,False,2.17
SPINT1 p.L12F,False,2.17
SPIRE1 p.T509I,False,2.17
SPIRE1 p.T509S,False,2.17
SPIRE2 p.Q218K,False,2.17
SPOCK3 p.W73C,False,2.17
SPRED2 p.S297L,False,2.17
STAP1 p.N173S,False,2.17
STAT4 p.E406K,False,2.17
TBPL2 p.E120K,False,2.17
TAF6 p.G266E,False,2.17
SYNE1 p.S1319R,False,2.17
SYNJ2 p.S197F,False,2.17
SYT3 p.G527E,False,2.17
SYT6 p.M147I,False,2.17
SYTL4 p.N84I,False,2.17
TACR1 p.R64K,False,2.17
TAF1 p.P143L,False,2.17
TAF1 p.R410C,False,2.17
TAF1C p.K751E,False,2.17
TAF1L p.D943Y,False,2.17
TAF1L p.P806S,False,2.17
TAF2 p.D1053G,False,2.17
TAFA2 p.R79Q,False,2.17
SYNDIG1 p.W102*,False,2.17
TAGAP p.T614I,False,2.17
TANGO6 p.H784Y,False,2.17
TAOK1 p.P266S,False,2.17
TAOK1 p.V289M,False,2.17
TAOK2 p.P605L,False,2.17
TAS2R31 p.Y271H,False,2.17
TAS2R5 p.W297*,False,2.17
TBC1D22B p.A63S,False,2.17
TBC1D5 p.E60K,False,2.17
TBC1D9 p.T965A,False,2.17
TBKBP1 p.E278K,False,2.17
TBL3 p.I467F,False,2.17
SYNE1 p.K1059Q,False,2.17
SYK p.G201S,True,2.17
STIL p.K1121N,False,2.17
SULT1C2 p.R241C,False,2.17
STK33 p.K262T,False,2.17
STK40 p.D60E,False,2.17
STON1 p.R177*,False,2.17
STRC p.R1602Q,False,2.17
STRN4 p.E384K,False,2.17
STX16 p.L268F,False,2.17
STX7 p.T237Pfs*23,False,2.17
STXBP4 p.V531I,False,2.17
STXBP5L p.S203F,False,2.17
STYXL2 p.A504V,False,2.17
SUFU p.Q296*,True,2.17
SUGP2 p.A237G,False,2.17
SULT4A1 p.V88I,False,2.17
SYDE1 p.S683_E684del,False,2.17
SUOX p.S246F,False,2.17
SUPT16H p.S560F,False,2.17
SUPT20HL2 p.Y44F,False,2.17
SURF6 p.R223S,False,2.17
SV2C p.R275W,False,2.17
SVEP1 p.G698E,False,2.17
SVEP1 p.G698R,False,2.17
SVEP1 p.H2250R,False,2.17
SVEP1 p.R1393K,False,2.17
SVEP1 p.S1259A,False,2.17
SVIL p.P271S,False,2.17
SYCE1 p.V96E,False,2.17
MDH1B p.P131L,False,2.17
MCM3AP p.X1809_splice,False,2.17
AACS p.P395S,False,2.17
CELA3B p.A178V,False,2.17
CFAP65 p.S1185F,False,2.17
CFAP74 p.A258V,False,2.17
CFAP74 p.E471K,False,2.17
CFAP74 p.S1559L,False,2.17
CFAP91 p.R607Q,False,2.17
CFHR3 p.P26S,False,2.17
CFTR p.L1335H,False,2.17
CFTR p.P841L,False,2.17
CGB5 p.D125N,False,2.17
CGRRF1 p.P200S,False,2.17
CHAD p.P64S,False,2.17
CHD1 p.N239I,False,2.17
CHD1L p.Q211*,False,2.17
CHD5 p.P177S,False,2.17
CHD5 p.R645K,False,2.17
CHD5 p.X645_splice,False,2.17
CHD6 p.I1484M,False,2.17
CHD6 p.S1719F,False,2.17
CHD6 p.X2163_splice,False,2.17
CHEK1 p.G324C,True,2.17
CHEK2 p.A450T,True,2.17
CHEK2 p.L269F,True,2.17
CHERP p.R774C,False,2.17
CHI3L1 p.G305E,False,2.17
CHI3L2 p.G233E,False,2.17
CHL1 p.D836N,False,2.17
CHL1 p.T852A,False,2.17
CFAP65 p.E1597K,False,2.17
CFAP61 p.P74L,False,2.17
CFAP58 p.Q752*,False,2.17
CETN1 p.L25I,False,2.17
CELSR1 p.L966F,False,2.17
CELSR3 p.V2146I,False,2.17
CEMIP2 p.G251C,False,2.17
CENPF p.G2829S,False,2.17
CEP131 p.E923K,False,2.17
CEP250 p.E883K,False,2.17
CEP78 p.D290N,False,2.17
CEP78 p.E281*,False,2.17
CEP85L p.E785K,False,2.17
CEP89 p.P213S,False,2.17
CEP95 p.R469H,False,2.17
CERS3 p.E110K,False,2.17
CFAP100 p.N401S,False,2.17
CFAP58 p.N817D,False,2.17
CFAP206 p.A247T,False,2.17
CFAP206 p.V611F,False,2.17
CFAP299 p.D118E,False,2.17
CFAP299 p.L197F,False,2.17
CFAP299 p.T96M,False,2.17
CFAP45 p.G257E,False,2.17
CFAP45 p.R451W,False,2.17
CFAP46 p.R196K,False,2.17
CFAP46 p.S2544L,False,2.17
CFAP47 p.P28T,False,2.17
CFAP47 p.S122L,False,2.17
CFAP54 p.W1633C,False,2.17
CHMP7 p.L285V,False,2.17
CHRDL1 p.L380F,False,2.17
CHRDL2 p.G234R,False,2.17
CMPK2 p.R407C,False,2.17
CLIP2 p.Q969*,False,2.17
CLK1 p.G106Kfs*5,False,2.17
CLK4 p.V348I,False,2.17
CLPTM1 p.E351K,False,2.17
CLSTN1 p.P680S,False,2.17
CLSTN2 p.P367S,False,2.17
CLSTN2 p.R758H,False,2.17
CLTCL1 p.H915D,False,2.17
CLUL1 p.N250K,False,2.17
CLVS1 p.G18R,False,2.17
CLVS2 p.P242A,False,2.17
CLYBL p.R249*,False,2.17
CMYA5 p.E375K,False,2.17
CLIP2 p.D968E,False,2.17
CMYA5 p.I1887F,False,2.17
CMYA5 p.P2436S,False,2.17
CNBD1 p.P344S,False,2.17
CNBD2 p.P375L,False,2.17
CNGA1 p.D113Y,False,2.17
CNIH4 p.H55R,False,2.17
CNKSR2 p.P371L,False,2.17
CNKSR2 p.R805S,False,2.17
CNN2 p.R77L,False,2.17
CNP p.R93Q,False,2.17
CNPPD1 p.Y40D,False,2.17
CNTN1 p.P905S,False,2.17
CLIP2 p.Q271*,False,2.17
CLINT1 p.D325V,False,2.17
CHRM5 p.R251K,False,2.17
CIT p.S1622F,False,2.17
CHRNA9 p.W3*,False,2.17
CHRNG p.A479T,False,2.17
CHST1 p.A241D,False,2.17
CHST10 p.E83*,False,2.17
CHST14 p.H318L,False,2.17
CHST3 p.A68V,False,2.17
CHSY3 p.P682L,False,2.17
CHTOP p.G93R,False,2.17
CHTOP p.K81N,False,2.17
CIC p.P620S,True,2.17
CIDEB p.F156V,False,2.17
CILP2 p.A365V,False,2.17
CKAP2 p.V542A,False,2.17
CLEC4F p.K184N,False,2.17
CKAP4 p.Q379*,False,2.17
CLASP2 p.S865N,False,2.17
CLCA1 p.V344A,False,2.17
CLCA2 p.A588V,False,2.17
CLCN4 p.D621N,False,2.17
CLCN5 p.I450=,False,2.17
CLCN6 p.L104I,False,2.17
CLDN10 p.V152I,False,2.17
CLDN6 p.P193S,False,2.17
CLEC16A p.N549K,False,2.17
CLEC16A p.S992F,False,2.17
CLEC4C p.G74E,False,2.17
CELF5 p.T308I,False,2.17
CELA2B p.G205S,False,2.17
CNTN3 p.E338K,False,2.17
CECR2 p.R601C,False,2.17
CCDC183 p.R228K,False,2.17
CCDC191 p.K389Nfs*30,False,2.17
CCDC22 p.Q590K,False,2.17
CCDC30 p.D162N,False,2.17
CCDC33 p.R186W,False,2.17
CCDC38 p.P95L,False,2.17
CCDC40 p.P115S,False,2.17
CCDC54 p.Y171C,False,2.17
CCDC57 p.S739L,False,2.17
CCDC59 p.S23F,False,2.17
CCDC60 p.G260S,False,2.17
CCDC60 p.N15S,False,2.17
CCDC88B p.R595G,False,2.17
CCDC88C p.G1993S,False,2.17
CCDC88C p.V1656I,False,2.17
CCDC93 p.Y605*,False,2.17
CCDC9B p.R200Q,False,2.17
CCKAR p.N299Tfs*7,False,2.17
CCKBR p.P109L,False,2.17
CCKBR p.R356H,False,2.17
CCN1 p.R321*,False,2.17
CCNA1 p.Q133K,False,2.17
CCNB2 p.M189T,False,2.17
CCNB3 p.T1111I,False,2.17
CCNDBP1 p.D282N,False,2.17
CCNF p.S595I,False,2.17
CCNT2 p.H108R,False,2.17
CCDC18 p.X445_splice,False,2.17
CCDC18 p.L757V,False,2.17
CCDC178 p.M197I,False,2.17
CASP14 p.P78L,False,2.17
CAPN7 p.X597_splice,False,2.17
CAPN9 p.S139N,False,2.17
CAPZA3 p.K89N,False,2.17
CARD6 p.K67R,False,2.17
CARD8 p.H270R,False,2.17
CARMIL3 p.P1361S,False,2.17
CARMIL3 p.R912C,False,2.17
CARMIL3 p.V1326I,False,2.17
CARNS1 p.A54E,False,2.17
CARNS1 p.G668R,False,2.17
CARS1 p.N526S,False,2.17
CASKIN2 p.G968S,False,2.17
CASP5 p.R401Q,False,2.17
CCDC171 p.R1099K,False,2.17
CASR p.R796C,False,2.17
CASZ1 p.P410L,False,2.17
CAT p.P296L,False,2.17
CATSPERD p.G105S,False,2.17
CATSPERE p.T56N,False,2.17
CBX8 p.R172W,False,2.17
CBY2 p.A72T,False,2.17
CCDC116 p.S476F,False,2.17
CCDC136 p.E656K,False,2.17
CCDC146 p.S281N,False,2.17
CCDC157 p.E483K,False,2.17
CCDC158 p.Q140K,False,2.17
CCT5 p.E351K,False,2.17
CCT5 p.V418Gfs*26,False,2.17
CD101 p.R344S,False,2.17
CDKL4 p.P240L,False,2.17
CDH7 p.A16S,False,2.17
CDH7 p.R112C,False,2.17
CDH9 p.E299K,False,2.17
CDH9 p.K36N,False,2.17
CDHR1 p.G329E,False,2.17
CDHR1 p.V811M,False,2.17
CDHR2 p.E313D,False,2.17
CDK11B p.D360N,False,2.17
CDK12 p.P515L,True,2.17
CDK4 p.G15R,True,2.17
CDK5RAP2 p.D1019E,False,2.17
CDKL2 p.R149*,False,2.17
CDKN1A p.I42L,True,2.17
CDH4 p.G136E,False,2.17
CDKN2A p.W15*,True,2.17
CDKN2D p.G97W,False,2.17
CDS1 p.D49N,False,2.17
CDYL2 p.E10G,False,2.17
CEACAM16 p.T337I,False,2.17
CEACAM18 p.Y308*,False,2.17
CEACAM20 p.D484E,False,2.17
CEACAM20 p.L32F,False,2.17
CEACAM5 p.E158K,False,2.17
CEBPZ p.Q197*,False,2.17
CECR2 p.E115K,False,2.17
CECR2 p.R163G,False,2.17
CDH4 p.G136R,False,2.17
CDH4 p.D863Y,False,2.17
CD109 p.S883L,False,2.17
CD93 p.P107S,False,2.17
CD163 p.G549R,False,2.17
CD163L1 p.C468R,False,2.17
CD163L1 p.D1272E,False,2.17
CD163L1 p.D554N,False,2.17
CD177 p.Q274H,False,2.17
CD1A p.W234*,False,2.17
CD1C p.R89C,False,2.17
CD1E p.S154F,False,2.17
CD300LG p.A152D,False,2.17
CD300LG p.S188F,False,2.17
CD34 p.G207R,False,2.17
CD40LG p.G16E,False,2.17
CDAN1 p.C366Vfs*24,False,2.17
CDH26 p.R301Q,False,2.17
CDC42BPA p.R319Q,False,2.17
CDCA7 p.D44N,False,2.17
CDCP2 p.N53T,False,2.17
CDH1 p.Q449K,True,2.17
CDH11 p.D366E,False,2.17
CDH12 p.E784K,False,2.17
CDH12 p.G328R,False,2.17
CDH12 p.P487S,False,2.17
CDH12 p.X176_splice,False,2.17
CDH17 p.D592N,False,2.17
CDH23 p.V255M,True,2.17
CDH26 p.P730A,False,2.17
CNTN2 p.G181R,False,2.17
CNTN4 p.H874Y,False,2.17
MCM3AP p.R1809H,False,2.17
CUBN p.S2294F,False,2.17
DALRD3 p.S393F,False,2.17
DAOA p.F25Y,False,2.17
DAPK1 p.A136T,False,2.17
DAPK1 p.D642N,False,2.17
DAPK1 p.Q1030*,False,2.17
DARS1 p.M18I,False,2.17
DBF4B p.G542Dfs*71,False,2.17
DBH p.P219S,False,2.17
DBN1 p.R191Q,False,2.17
DCAF12L1 p.H193Q,False,2.17
DCAF13 p.L72F,False,2.17
DCAF4 p.P83S,False,2.17
DCAF4L2 p.A316T,False,2.17
DCAF4L2 p.D72N,False,2.17
DCC p.E1161K,False,2.17
DCC p.R1133W,False,2.17
DCC p.R443Q,False,2.17
DCDC1 p.Q787P,False,2.17
DCHS1 p.N1207D,False,2.17
DCLK2 p.S375N,False,2.17
DCLK2 p.S483L,False,2.17
DCLK3 p.K261E,False,2.17
DCLRE1B p.T114I,False,2.17
DCP2 p.G244C,False,2.17
DCST2 p.Y354C,False,2.17
DCSTAMP p.S208F,False,2.17
DCT p.S330F,False,2.17
DACH2 p.Q127H,False,2.17
CYSLTR2 p.F41L,False,2.17
CYSLTR2 p.E2*,False,2.17
CYP2C18 p.T371N,False,2.17
CUL7 p.G1188E,False,2.17
CUL9 p.H144Y,False,2.17
CUX2 p.M1122T,False,2.17
CWC22 p.G356S,False,2.17
CWH43 p.Q85H,False,2.17
CXCR6 p.C282*,False,2.17
CXCR6 p.L283F,False,2.17
CYBB p.V358I,False,2.17
CYFIP2 p.R750C,False,2.17
CYLC1 p.V326I,False,2.17
CYP27A1 p.D338N,False,2.17
CYP27C1 p.Q131K,False,2.17
CYP2C9 p.S286I,True,2.17
CYP8B1 p.H336R,False,2.17
CYP2E1 p.R337*,True,2.17
CYP2F1 p.A344V,False,2.17
CYP2F1 p.G136E,False,2.17
CYP2J2 p.A498V,False,2.17
CYP2J2 p.H17Y,False,2.17
CYP3A4 p.S526*,True,2.17
CYP3A7 p.R161K,False,2.17
CYP46A1 p.D190G,False,2.17
CYP4B1 p.S301L,False,2.17
CYP4F11 p.K217E,False,2.17
CYP4F8 p.P393S,False,2.17
CYP4Z1 p.R374H,False,2.17
DCTN1 p.H565Y,False,2.17
DDI1 p.E225K,False,2.17
DDI2 p.X47_splice,False,2.17
DMBT1 p.R994W,False,2.17
DIP2A p.S482F,False,2.17
DIPK1B p.V103=,False,2.17
DISC1 p.G688E,False,2.17
DISP2 p.P915L,False,2.17
DKK2 p.H158Y,False,2.17
DLEC1 p.E363V,False,2.17
DLEC1 p.G586V,False,2.17
DLGAP2 p.R228Q,False,2.17
DLGAP2 p.W926C,False,2.17
DLGAP3 p.G259S,False,2.17
DLL3 p.W127*,False,2.17
DLX4 p.P145H,False,2.17
DMD p.D779Y,False,2.17
DIO1 p.M169I,False,2.17
DMGDH p.S279F,False,2.17
DMXL2 p.T1184S,False,2.17
DNAAF3 p.V268A,False,2.17
DNAH10 p.E2559Q,False,2.17
DNAH10 p.G1668D,False,2.17
DNAH10 p.R2128C,False,2.17
DNAH11 p.P316H,False,2.17
DNAH11 p.R1836Q,False,2.17
DNAH17 p.E4148K,False,2.17
DNAH2 p.E3719K,False,2.17
DNAH3 p.E2006*,False,2.17
DNAH3 p.E3387K,False,2.17
DIP2A p.A208S,False,2.17
DIDO1 p.S2067L,False,2.17
DDIAS p.S521P,False,2.17
DGKB p.Q460L,False,2.17
DDX18 p.R424*,False,2.17
DDX21 p.P72L,False,2.17
DDX24 p.N683S,False,2.17
DDX5 p.X147_splice,False,2.17
DEFB125 p.G20=,False,2.17
DENND4B p.T260I,False,2.17
DENND4B p.V566I,False,2.17
DENND4C p.M1415I,False,2.17
DEPDC1 p.L514F,False,2.17
DEUP1 p.G308E,False,2.17
DEUP1 p.R50Q,False,2.17
DGCR8 p.E407K,False,2.17
DGKD p.G674R,False,2.17
DICER1 p.A1560T,True,2.17
DGKH p.R791K,False,2.17
DGKK p.E1204G,False,2.17
DHCR7 p.G425C,False,2.17
DHDDS p.R63Q,False,2.17
DHDH p.E133K,False,2.17
DHRS4L2 p.X160_splice,False,2.17
DHX15 p.N497K,False,2.17
DHX16 p.G427E,False,2.17
DHX30 p.A116T,False,2.17
DHX38 p.T860M,False,2.17
DHX8 p.P367S,False,2.17
DIAPH2 p.P615L,False,2.17
CUL3 p.F21L,True,2.17
CUBN p.P2469S,False,2.17
CNTN4 p.T1021I,False,2.17
CTU2 p.H343Q,False,2.17
COL4A4 p.P1339S,False,2.17
COL5A3 p.D1422G,False,2.17
COL5A3 p.P1249S,False,2.17
COL5A3 p.P1414Rfs*46,False,2.17
COL5A3 p.P616L,False,2.17
COL5A3 p.P616S,False,2.17
COL5A3 p.S1029N,False,2.17
COL6A1 p.P499S,False,2.17
COL6A3 p.D1263H,False,2.17
COL6A6 p.E144V,False,2.17
COL6A6 p.L765R,False,2.17
COL9A1 p.E839K,False,2.17
COL9A2 p.P614L,False,2.17
COMMD1 p.W124L,False,2.17
COPB2 p.E511Q,False,2.17
COPB2 p.F729Lfs*2,False,2.17
COPB2 p.W529C,False,2.17
COPS2 p.I99F,False,2.17
COQ8B p.S273T,False,2.17
CORO1C p.N20S,False,2.17
COX16 p.E53K,False,2.17
CP p.K148*,False,2.17
CPA5 p.T209I,False,2.17
CPAMD8 p.R1186W,False,2.17
CPN2 p.E58K,False,2.17
CPNE4 p.G495E,False,2.17
CPNE4 p.G495R,False,2.17
COL4A4 p.N464S,False,2.17
COL4A3 p.R229Q,False,2.17
COL4A3 p.P54S,False,2.17
COL11A2 p.S42F,False,2.17
CNTN4 p.T1021S,False,2.17
CNTNAP3 p.A1137V,False,2.17
CNTNAP4 p.H1104Y,False,2.17
CNTRL p.M1292I,False,2.17
CNTRL p.N1709S,False,2.17
COASY p.A511V,False,2.17
COBL p.T794S,False,2.17
COCH p.G261R,False,2.17
COIL p.K555E,False,2.17
COL11A1 p.G916S,False,2.17
COL11A2 p.G1309E,False,2.17
COL11A2 p.P698L,False,2.17
COL14A1 p.R958M,False,2.17
COL4A3 p.P54L,False,2.17
COL16A1 p.G815S,False,2.17
COL17A1 p.R106H,False,2.17
COL19A1 p.K1061T,False,2.17
COL19A1 p.W117R,False,2.17
COL1A2 p.P1071S,False,2.17
COL22A1 p.R1619W,False,2.17
COL24A1 p.D442N,False,2.17
COL24A1 p.P1274S,False,2.17
COL26A1 p.D221N,False,2.17
COL4A1 p.G446R,False,2.17
COL4A1 p.G544*,False,2.17
COL4A2 p.P159=,False,2.17
CPNE4 p.N267K,False,2.17
CPNE4 p.P268T,False,2.17
CPNE6 p.M6I,False,2.17
CSPP1 p.E832D,False,2.17
CSMD1 p.M2099I,False,2.17
CSMD1 p.P952S,False,2.17
CSMD1 p.Q663H,False,2.17
CSMD2 p.R1729Q,False,2.17
CSMD3 p.G3054E,False,2.17
CSMD3 p.P2132S,False,2.17
CSMD3 p.P258S,False,2.17
CSMD3 p.P889L,False,2.17
CSMD3 p.R2598*,False,2.17
CSMD3 p.R3067K,False,2.17
CSMD3 p.R845Q,False,2.17
CSNK1G3 p.A369T,False,2.17
CTDP1 p.S932I,False,2.17
CSMD1 p.G2715E,False,2.17
CTNNA2 p.M147I,False,2.17
CTNNA3 p.D531N,False,2.17
CTNNA3 p.P198S,False,2.17
CTNNA3 p.T392M,False,2.17
CTNND1 p.D925N,False,2.17
CTNND1 p.L718F,False,2.17
CTNND2 p.R1205H,False,2.17
CTNS p.E71K,False,2.17
CTPS1 p.T566I,False,2.17
CTRB1 p.Q99*,False,2.17
CTSG p.R96C,False,2.17
CTTN p.Q225Rfs*5,False,2.17
CSMD1 p.I3501M,False,2.17
CSMD1 p.G1426E,False,2.17
CPNE8 p.N382=,False,2.17
CRB2 p.G618V,False,2.17
CPS1 p.N1401K,False,2.17
CPSF3 p.E541G,False,2.17
CPVL p.S26C,False,2.17
CPXM1 p.P550L,False,2.17
CR1 p.G1895R,False,2.17
CR1 p.P1065S,False,2.17
CR1 p.R1454*,False,2.17
CR2 p.G693E,False,2.17
CRACD p.E840K,False,2.17
CRACD p.S1072F,False,2.17
CRACR2A p.S10F,False,2.17
CRB1 p.C911*,False,2.17
CREBBP p.F181Lfs*17,True,2.17
CSMD1 p.D1048N,False,2.17
CREBBP p.R519K,True,2.17
CREG2 p.P171L,False,2.17
CRIP3 p.G73D,False,2.17
CROCC p.S596R,False,2.17
CROT p.R199P,False,2.17
CRP p.S159F,False,2.17
CRYBG1 p.G1064E,False,2.17
CRYBG1 p.R765T,False,2.17
CRYBG1 p.V953L,False,2.17
CRYBG2 p.S193N,False,2.17
CSF1R p.P90L,True,2.17
CSF2RA p.Y281H,False,2.17
CAPN7 p.A66T,False,2.17
CAPN13 p.T658A,False,2.17
CAPN11 p.R75K,False,2.17
AGRN p.P1096T,False,2.17
ALG13 p.S1058L,False,2.17
ALG9 p.Q391*,False,2.17
ALKBH6 p.G63R,False,2.17
ALMS1 p.G3897S,False,2.17
ALOX5 p.A607V,False,2.17
ALOXE3 p.E60K,False,2.17
ALOXE3 p.P606Q,False,2.17
ALPI p.L18V,False,2.17
ALPL p.V474L,False,2.17
AMOT p.T864I,False,2.17
AMPD1 p.F504L,False,2.17
AMPD3 p.P91L,False,2.17
AMY2B p.R107C,False,2.17
ANG p.V129D,False,2.17
ANGEL2 p.V498A,False,2.17
ANGPTL2 p.I343V,False,2.17
ANGPTL2 p.P214L,False,2.17
ANK1 p.G1679R,False,2.17
ANK1 p.G1707D,False,2.17
ANK1 p.S1082F,False,2.17
ANK2 p.F1299S,False,2.17
ANKDD1A p.D176N,False,2.17
ANKFY1 p.L1027V,False,2.17
ANKHD1-EIF4EBP3 p.Y1625N,False,2.17
ANKK1 p.N618I,False,2.17
ANKLE2 p.G150S,False,2.17
ANKRA2 p.V90M,False,2.17
ALDOB p.G127R,False,2.17
ALDH9A1 p.E218*,False,2.17
ALDH8A1 p.G466S,False,2.17
AK5 p.G470E,False,2.17
AHCTF1 p.G1569R,False,2.17
AHCTF1 p.M447I,False,2.17
AHDC1 p.H1593Y,False,2.17
AHNAK p.D1228E,False,2.17
AHNAK p.M4378I,False,2.17
AHNAK p.P4753L,False,2.17
AHNAK p.P4753S,False,2.17
AHNAK p.S2580F,False,2.17
AHNAK2 p.S2777P,False,2.17
AHNAK2 p.S4155F,False,2.17
AHSA1 p.A134V,False,2.17
AIPL1 p.K224M,False,2.17
AK9 p.N1687T,False,2.17
ALDH2 p.K511T,True,2.17
AK9 p.P11L,False,2.17
AKAP11 p.K1037Rfs*9,False,2.17
AKAP5 p.E279G,False,2.17
AKAP8L p.R447*,False,2.17
AKAP9 p.Q2054*,False,2.17
AKNA p.P1306L,False,2.17
AKNA p.P514L,False,2.17
AKR1C4 p.V61A,False,2.17
AL035460.1 p.Q62*,False,2.17
AL121899.2 p.S206N,False,2.17
ALDH1L1 p.C86F,False,2.17
ALDH1L2 p.X749_splice,False,2.17
ANKRD11 p.D1863G,False,2.17
ANKRD12 p.T1218I,False,2.17
ANKRD17 p.P2310L,False,2.17
AQP12A p.G72E,False,2.17
APLNR p.A147V,False,2.17
APLNR p.V300A,False,2.17
APMAP p.W340*,False,2.17
APOB p.G841E,False,2.17
APOB p.P1509S,False,2.17
APOB p.Y776*,False,2.17
APOD p.E48K,False,2.17
APOF p.A119V,False,2.17
APOF p.R215*,False,2.17
APOL4 p.E75K,False,2.17
APOL5 p.S359P,False,2.17
APPBP2 p.I458N,False,2.17
AQP4 p.Q271R,False,2.17
APBA2 p.I546N,False,2.17
AQP5 p.G30D,False,2.17
AQP5 p.G30S,False,2.17
ARAP2 p.F1138I,False,2.17
ARF3 p.A119D,False,2.17
ARFGEF2 p.D1182Y,False,2.17
ARFGEF3 p.K969N,False,2.17
ARHGAP15 p.S426F,False,2.17
ARHGAP19 p.E484K,False,2.17
ARHGAP21 p.D1024N,False,2.17
ARHGAP21 p.S1729L,False,2.17
ARHGAP29 p.C641G,False,2.17
ARHGAP30 p.P625S,False,2.17
APC p.R2560*,True,2.17
APBA2 p.E542K,False,2.17
ANKRD23 p.E124K,False,2.17
ANO7 p.R833W,False,2.17
ANKRD26 p.E614D,False,2.17
ANKRD27 p.V92A,False,2.17
ANKRD30A p.P619S,False,2.17
ANKRD34A p.E322K,False,2.17
ANKRD34B p.W248C,False,2.17
ANKRD35 p.K506T,False,2.17
ANKRD42 p.G37E,False,2.17
ANO2 p.A334V,False,2.17
ANO2 p.G805E,False,2.17
ANO3 p.G470R,False,2.17
ANO5 p.P457S,False,2.17
ANO7 p.R337K,False,2.17
ANXA1 p.X159_splice,False,2.17
APBA1 p.X728_splice,False,2.17
ANXA13 p.X277_splice,False,2.17
ANXA4 p.H209L,False,2.17
ANXA7 p.P143A,False,2.17
AOC1 p.G343R,False,2.17
AOX1 p.A982V,False,2.17
AOX1 p.H1042Y,False,2.17
AP000311.1 p.V58L,False,2.17
AP002512.3 p.G199R,False,2.17
AP1AR p.G257Efs*2,False,2.17
AP1G2 p.A310G,False,2.17
AP3S2 p.R175W,False,2.17
APBA1 p.G411S,False,2.17
AGT p.V424G,False,2.17
AGGF1 p.K680*,False,2.17
CAND2 p.Q725*,False,2.17
AGER p.X231_splice,False,2.17
ACCS p.R406H,False,2.17
ACCS p.V376L,False,2.17
ACCSL p.E316=,False,2.17
ACE p.L306F,False,2.17
ACER1 p.W187*,False,2.17
ACHE p.R424C,False,2.17
ACIN1 p.S825F,False,2.17
ACKR1 p.F226V,False,2.17
ACLY p.E547K,False,2.17
ACO1 p.E225K,False,2.17
ACO1 p.G160S,False,2.17
ACO1 p.X89_splice,False,2.17
ACOT11 p.A29V,False,2.17
ACR p.P334S,False,2.17
ACRBP p.V176G,False,2.17
ACSL3 p.K706R,False,2.17
ACSL6 p.R402W,False,2.17
ACSL6 p.R447Q,False,2.17
ACSM4 p.P173L,False,2.17
ACSM4 p.P173S,False,2.17
ACSM4 p.P560Q,False,2.17
ACSM5 p.G483E,False,2.17
ACTB p.W356L,False,2.17
ACTBL2 p.R239Q,False,2.17
ACTL8 p.R225C,False,2.17
ACTL9 p.R391C,False,2.17
ACTN4 p.T576I,True,2.17
ACBD6 p.E263K,False,2.17
ACAN p.P996L,False,2.17
ACAN p.G1628R,False,2.17
ABCG5 p.E579K,False,2.17
ABCA13 p.A926S,False,2.17
ABCA13 p.G3731E,False,2.17
ABCA3 p.P111S,False,2.17
ABCA4 p.X2243_splice,False,2.17
ABCA5 p.R479=,False,2.17
ABCA6 p.Q619P,False,2.17
ABCB4 p.M1?,False,2.17
ABCB5 p.H1135Y,False,2.17
ABCB5 p.S1215C,False,2.17
ABCC3 p.A973V,False,2.17
ABCC3 p.R1278H,False,2.17
ABCC8 p.R202K,False,2.17
ABHD17A p.S59Y,False,2.17
ACAD9 p.A575V,False,2.17
ABHD17A p.Y203F,False,2.17
ABI3BP p.E1003K,False,2.17
ABI3BP p.N836S,False,2.17
ABRA p.P204A,False,2.17
AC006059.2 p.H534N,False,2.17
AC008397.2 p.P97S,False,2.17
AC100868.1 p.G521R,False,2.17
AC131160.1 p.P292L,False,2.17
AC139530.2 p.P61L,False,2.17
AC139530.2 p.P61S,False,2.17
ACAD11 p.D213G,False,2.17
ACAD8 p.E59D,False,2.17
ACTR5 p.C569Lfs*93,False,2.17
ACTR5 p.E244D,False,2.17
ACVRL1 p.G223C,False,2.17
ADGRV1 p.N1658K,False,2.17
ADGRE1 p.X741_splice,False,2.17
ADGRE2 p.C191*,False,2.17
ADGRE3 p.T357I,False,2.17
ADGRF4 p.G524R,False,2.17
ADGRF4 p.V323A,False,2.17
ADGRF5 p.I938V,False,2.17
ADGRG3 p.G241R,False,2.17
ADGRG4 p.S536F,False,2.17
ADGRG4 p.T489I,False,2.17
ADGRG7 p.R564W,False,2.17
ADGRL2 p.C136Y,False,2.17
ADGRV1 p.I2842M,False,2.17
ADGRV1 p.N2750I,False,2.17
ADGRB3 p.R910K,False,2.17
ADH7 p.I172T,False,2.17
ADIPOR1 p.R202Q,False,2.17
ADNP p.P410S,False,2.17
ADNP2 p.S1077T,False,2.17
ADORA3 p.I59V,False,2.17
ADPGK p.R474L,False,2.17
ADRA2B p.L197M,False,2.17
ADRA2C p.R456K,False,2.17
AEBP2 p.D483E,False,2.17
AGAP1 p.C417S,False,2.17
AGAP2 p.R492H,False,2.17
AGBL5 p.A325T,False,2.17
ADGRE1 p.P28Q,False,2.17
ADGRA3 p.G844E,False,2.17
ADAD1 p.P61L,False,2.17
ADAMTS20 p.E1334*,False,2.17
ADAM2 p.G735E,False,2.17
ADAM21 p.G264E,False,2.17
ADAM28 p.Q133H,False,2.17
ADAM28 p.Q324L,False,2.17
ADAM9 p.G680E,False,2.17
ADAMDEC1 p.E179K,False,2.17
ADAMDEC1 p.K301R,False,2.17
ADAMTS12 p.T250I,False,2.17
ADAMTS14 p.P468L,False,2.17
ADAMTS17 p.G530R,False,2.17
ADAMTS17 p.S295F,False,2.17
ADAMTS18 p.F273L,False,2.17
ADAMTS20 p.E392K,False,2.17
ADGRA3 p.G748E,False,2.17
ADAMTS20 p.R1611K,False,2.17
ADAMTS3 p.D90Y,False,2.17
ADAMTS3 p.Y763C,False,2.17
ADAMTS6 p.G858A,False,2.17
ADAMTS8 p.C844R,False,2.17
ADARB2 p.T381M,False,2.17
ADCK1 p.S158F,False,2.17
ADCY2 p.W570C,False,2.17
ADCY3 p.E263K,False,2.17
ADCY5 p.R1058H,False,2.17
ADCY8 p.G896E,False,2.17
ADGRA2 p.E214K,False,2.17
ARHGAP30 p.V90I,False,2.17
ARHGAP31 p.G998R,False,2.17
ARHGAP31 p.P429L,False,2.17
ARHGAP32 p.R221H,False,2.17
BRD2 p.E184Q,False,2.17
BRD7 p.E480*,False,2.17
BRF2 p.P326L,False,2.17
BRINP1 p.L130F,False,2.17
BRINP2 p.R405C,False,2.17
BRINP3 p.K733M,False,2.17
BRWD3 p.H53Q,False,2.17
BSN p.R3113C,False,2.17
BSND p.G183D,False,2.17
BST1 p.G204D,False,2.17
BST1 p.X204_splice,False,2.17
BTBD11 p.Q1006*,False,2.17
BTBD16 p.R318W,False,2.17
BTBD17 p.H432Q,False,2.17
BTLA p.H127Q,False,2.17
BUB1B p.X893_splice,False,2.17
BUD23 p.R280H,False,2.17
C10orf71 p.Q403P,False,2.17
C10orf90 p.R146C,False,2.17
C12orf4 p.G452V,False,2.17
C12orf40 p.D252N,False,2.17
C12orf42 p.N163K,False,2.17
C12orf50 p.D340N,False,2.17
C14orf39 p.D373N,False,2.17
C14orf39 p.W79*,False,2.17
C14orf93 p.E129K,False,2.17
C16orf54 p.G78R,False,2.17
BRAT1 p.D647N,False,2.17
BRAF p.P341L,True,2.17
BPTF p.P2951L,False,2.17
BIN3 p.K99Q,False,2.17
BCS1L p.T136I,False,2.17
BEGAIN p.S544Y,False,2.17
BEND4 p.S527R,False,2.17
BEST3 p.S568L,False,2.17
BFAR p.M1?,False,2.17
BFAR p.N420S,False,2.17
BFSP2 p.E37K,False,2.17
BHLHE23 p.A199T,False,2.17
BICC1 p.D818N,False,2.17
BICRA p.P1222S,False,2.17
BICRA p.S885F,False,2.17
BID p.K203_A206del,False,2.17
BIRC6 p.A4328V,False,2.17
BPTF p.D510N,False,2.17
BIRC6 p.G3167C,False,2.17
BIVM-ERCC5 p.A1149del,False,2.17
BIVM-ERCC5 p.E1144K,False,2.17
BMP15 p.G322R,False,2.17
BMP5 p.F150L,False,2.17
BMP6 p.E249D,False,2.17
BMPR2 p.P320S,False,2.17
BMS1 p.M162V,False,2.17
BOD1 p.D176Y,False,2.17
BOD1L1 p.D2786_D2789del,False,2.17
BPIFB1 p.V99M,False,2.17
BPIFB6 p.P306L,False,2.17
C16orf71 p.S423F,False,2.17
C16orf91 p.R35P,False,2.17
C18orf54 p.Y45C,False,2.17
CADPS p.P489S,False,2.17
CACNA1F p.G1649A,False,2.17
CACNA1H p.T281M,False,2.17
CACNA1I p.G1816R,False,2.17
CACNA1I p.V825I,False,2.17
CACNA1S p.M1593I,False,2.17
CACNA2D3 p.G269E,False,2.17
CACNB2 p.E443K,False,2.17
CACNB4 p.P154S,False,2.17
CACNG4 p.S225F,False,2.17
CACNG5 p.S251F,False,2.17
CACNG8 p.T111M,False,2.17
CADM1 p.K438E,False,2.17
CADPS2 p.G551=,False,2.17
CACNA1D p.C1839Sfs*115,False,2.17
CADPS2 p.P978S,False,2.17
CALB1 p.K48E,False,2.17
CALCR p.K115I,False,2.17
CALCR p.T270N,False,2.17
CALHM1 p.T298I,False,2.17
CALN1 p.N155S,False,2.17
CAMK2B p.G96W,False,2.17
CAMK2B p.V412I,False,2.17
CAMP p.R155K,False,2.17
CAND1 p.D21H,False,2.17
CAND1 p.P74S,False,2.17
CAND2 p.G766E,False,2.17
CACNA1E p.M2295I,False,2.17
CACNA1C p.A779=,False,2.17
C19orf53 p.I61L,False,2.17
C5orf15 p.H218D,False,2.17
C19orf57 p.P228S,False,2.17
C19orf57 p.P54S,False,2.17
C1QTNF5 p.F181I,False,2.17
C1orf127 p.S451F,False,2.17
C1orf189 p.R27Q,False,2.17
C1orf226 p.P28A,False,2.17
C1orf52 p.L9R,False,2.17
C2CD5 p.L311F,False,2.17
C3 p.P820S,False,2.17
C3orf20 p.G856E,False,2.17
C4BPA p.R315W,False,2.17
C4orf19 p.G219E,False,2.17
C5orf34 p.P510S,False,2.17
CACNA1C p.A1675T,False,2.17
C6orf58 p.S26L,False,2.17
C6orf89 p.R105K,False,2.17
C6orf89 p.Y327C,False,2.17
C7orf26 p.S15N,False,2.17
C8A p.L113F,False,2.17
C8orf34 p.D171N,False,2.17
C9orf131 p.G618E,False,2.17
C9orf152 p.I172N,False,2.17
C9orf50 p.M363I,False,2.17
CABCOCO1 p.K50*,False,2.17
CACNA1A p.G1481D,False,2.17
CACNA1B p.L1795M,False,2.17
BCL9L p.P737S,False,2.17
BCL7A p.S157Afs*5,False,2.17
BCL7A p.Q155P,False,2.17
ATAD2 p.D275E,False,2.17
ASIP p.R5H,False,2.17
ASNS p.P282S,False,2.17
ASPA p.V154A,False,2.17
ASPDH p.S239N,False,2.17
ASRGL1 p.H8Y,False,2.17
ASS1 p.V257=,False,2.17
ASTN2 p.F877Y,False,2.17
ASTN2 p.K1027*,False,2.17
ASTN2 p.P528T,False,2.17
ASTN2 p.R546K,False,2.17
ASXL3 p.P1010A,False,2.17
ASXL3 p.S1155L,False,2.17
ATAD2B p.T586S,False,2.17
ASH1L p.P1682S,False,2.17
ATAD3B p.A74V,False,2.17
ATAD5 p.D1312N,False,2.17
ATG13 p.S259F,False,2.17
ATG13 p.T368I,False,2.17
ATG2B p.H734P,False,2.17
ATG5 p.R161I,False,2.17
ATM p.S1589L,True,2.17
ATP11A p.E215K,False,2.17
ATP11A p.R527K,False,2.17
ATP13A2 p.L432F,False,2.17
ATP13A4 p.E736K,False,2.17
ATP13A5 p.Q839E,False,2.17
ASH2L p.N155_T156del,False,2.17
ASCC2 p.G147R,False,2.17
ATP1A3 p.G198C,False,2.17
ARID3C p.P406S,False,2.17
ARHGAP35 p.P1331L,False,2.17
ARHGAP35 p.R997*,False,2.17
ARHGAP45 p.E560Q,False,2.17
ARHGAP45 p.G928E,False,2.17
ARHGAP5 p.Y50H,False,2.17
ARHGEF10 p.X740_splice,False,2.17
ARHGEF10L p.S1189F,False,2.17
ARHGEF4 p.*691Rext*91,False,2.17
ARHGEF5 p.A1196T,False,2.17
ARHGEF6 p.L660F,False,2.17
ARHGEF7 p.N861S,False,2.17
ARID1A p.M1221R,True,2.17
ARIH2 p.A185V,False,2.17
ASB16 p.A365T,False,2.17
ARMC10 p.K335N,False,2.17
ARMC4 p.S289L,False,2.17
ARMH3 p.V210L,False,2.17
ARMH4 p.H41Y,False,2.17
ARPP19 p.G112D,False,2.17
ARPP21 p.R335K,False,2.17
ARSJ p.E109K,False,2.17
ARSL p.V533A,False,2.17
AS3MT p.X341_splice,False,2.17
ASAH2 p.G388R,False,2.17
ASAP1 p.G637E,False,2.17
ASAP3 p.A742T,False,2.17
ATP1A2 p.G1012V,False,2.17
ATP1B2 p.L42F,False,2.17
BCL2L12 p.R18W,False,2.17
B4GALT5 p.S142F,False,2.17
AXL p.A887T,True,2.17
AXL p.E611K,True,2.17
AXL p.W451C,True,2.17
B3GAT1 p.P43L,False,2.17
B3GAT1 p.P43S,False,2.17
B3GNT2 p.P54S,False,2.17
B4GALNT1 p.R59S,False,2.17
B4GALNT2 p.P109L,False,2.17
B4GALNT2 p.P109S,False,2.17
B4GALNT2 p.R341Q,False,2.17
B4GALNT3 p.G707D,False,2.17
B4GALT5 p.R161W,False,2.17
BACE1 p.S345L,False,2.17
AXDND1 p.A403G,False,2.17
BACE2 p.G261A,False,2.17
BAG6 p.H264N,False,2.17
BAIAP2 p.Q488R,False,2.17
BAIAP2L1 p.I76T,False,2.17
BANK1 p.T627A,False,2.17
BARHL2 p.V357L,False,2.17
BATF2 p.G105E,False,2.17
BAZ2A p.E551K,False,2.17
BAZ2B p.Q910P,False,2.17
BCAR3 p.R661K,False,2.17
BCCIP p.S295C,False,2.17
BCL11A p.R507H,False,2.17
AXDND1 p.W459*,False,2.17
AWAT2 p.V283=,False,2.17
ATP2A1 p.R637Q,False,2.17
ATRX p.K1701*,True,2.17
ATP2A3 p.V185L,False,2.17
ATP2A3 p.W794*,False,2.17
ATP2B2 p.A42T,False,2.17
ATP6AP1 p.R330P,False,2.17
ATP6V0A4 p.R431H,False,2.17
ATP7B p.A638S,False,2.17
ATP8A2 p.G33C,False,2.17
ATP8B1 p.E523D,False,2.17
ATP8B2 p.R537K,False,2.17
ATRN p.E898K,False,2.17
ATRX p.E2031V,True,2.17
ATRX p.E351*,True,2.17
ATRX p.K688*,True,2.17
ATXN7L3 p.L317Rfs*2,False,2.17
ATRX p.K796Qfs*4,True,2.17
ATRX p.K806Rfs*16,True,2.17
ATRX p.M118Yfs*19,True,2.17
ATRX p.N1232Sfs*15,True,2.17
ATRX p.N2125Wfs*2,True,2.17
ATRX p.Q1416*,True,2.17
ATRX p.Q391*,True,2.17
ATRX p.S1880C,True,2.17
ATRX p.W263*,True,2.17
ATRX p.X1439_splice,True,2.17
ATXN2L p.P569S,False,2.17
ATXN7L2 p.E352K,False,2.17
DNAH5 p.A2735V,False,2.17
DNAH5 p.L959P,False,2.17
DNAH5 p.R196C,False,2.17
IRAG1 p.S47F,False,2.17
JAG1 p.G623R,False,2.17
JAG2 p.A326V,False,2.17
JAK3 p.D459V,True,2.17
JAKMIP2 p.E246K,False,2.17
JAKMIP2 p.X805_splice,False,2.17
JARID2 p.A579S,False,2.17
JMJD7-PLA2G4B p.P918S,False,2.17
JMY p.K442N,False,2.17
JPH2 p.R138H,False,2.17
JPH3 p.R305H,False,2.17
JUP p.Q121*,False,2.17
KALRN p.A2790D,False,2.17
KALRN p.E41K,False,2.17
KALRN p.P1807L,False,2.17
KALRN p.P1807S,False,2.17
KALRN p.R1071W,False,2.17
KANK1 p.S759L,False,2.17
KANSL3 p.R424Q,False,2.17
KAT6A p.W452C,False,2.17
KAT7 p.L516Rfs*3,False,2.17
KAT7 p.R509C,False,2.17
KATNAL1 p.A132V,False,2.17
KATNIP p.G1309S,False,2.17
KATNIP p.R913L,False,2.17
KBTBD12 p.I335F,False,2.17
KCNA3 p.E513G,False,2.17
KCNA6 p.E228V,False,2.17
ITPR2 p.D2016E,False,2.17
ITPR1 p.P2047L,False,2.17
ITLN1 p.S32P,False,2.17
ITGA6 p.E566G,False,2.17
IRF2 p.X28_splice,True,2.17
IRF2BP2 p.R585Tfs*12,False,2.17
IRF9 p.S3L,False,2.17
IRS4 p.N724K,False,2.17
IRS4 p.P1027T,False,2.17
IRX4 p.M184I,False,2.17
IRX6 p.E241D,False,2.17
ITGA1 p.M674I,False,2.17
ITGA1 p.R258I,False,2.17
ITGA10 p.N336S,False,2.17
ITGA2B p.G978V,False,2.17
ITGA4 p.G115V,False,2.17
ITGA8 p.G220W,False,2.17
ITIH5 p.W577*,False,2.17
ITGAM p.G127R,False,2.17
ITGAV p.K553N,False,2.17
ITGB6 p.Q640E,False,2.17
ITGBL1 p.I193M,False,2.17
ITIH1 p.D490N,False,2.17
ITIH1 p.G227E,False,2.17
ITIH1 p.G377R,False,2.17
ITIH1 p.P748L,False,2.17
ITIH2 p.G220E,False,2.17
ITIH4 p.R753C,False,2.17
ITIH5 p.M306V,False,2.17
ITIH5 p.T47A,False,2.17
KCNA6 p.S215T,False,2.17
KCNC4 p.R605W,False,2.17
KCNH2 p.A478D,False,2.17
KIAA1109 p.L2475Wfs*28,False,2.17
KDM6B p.R437C,False,2.17
KDM7A p.G487R,False,2.17
KEL p.K684N,True,2.17
KEL p.R436Q,True,2.17
KEL p.T416M,True,2.17
KHDC3L p.P16S,False,2.17
KHDC4 p.G338S,False,2.17
KHDRBS1 p.P343L,False,2.17
KHNYN p.A127V,False,2.17
KHSRP p.G115=,False,2.17
KIAA0100 p.G1531R,False,2.17
KIAA1109 p.G1008R,False,2.17
KIAA1109 p.T576I,False,2.17
KDM5A p.R266Qfs*10,True,2.17
KIAA1549 p.A915S,True,2.17
KIAA1549 p.E882K,True,2.17
KIAA1549 p.X1410_splice,True,2.17
KIAA1549L p.A869V,False,2.17
KIAA1614 p.P668S,False,2.17
KIAA1755 p.G861R,False,2.17
KIAA1958 p.V465I,False,2.17
KIDINS220 p.P173S,False,2.17
KIF13A p.I1250S,False,2.17
KIF17 p.P605T,False,2.17
KIF17 p.S248F,False,2.17
KIF19 p.I190M,False,2.17
KDM5C p.L891_S896del,True,2.17
KDM4B p.S978F,False,2.17
KCNH4 p.P579Q,False,2.17
KCNK7 p.A25T,False,2.17
KCNH5 p.E826K,False,2.17
KCNH5 p.I527M,False,2.17
KCNH7 p.R866K,False,2.17
KCNH8 p.S1016L,False,2.17
KCNH8 p.S1038L,False,2.17
KCNIP4 p.E86Q,False,2.17
KCNJ12 p.S315F,False,2.17
KCNJ13 p.E233K,False,2.17
KCNJ15 p.E260*,False,2.17
KCNJ5 p.G417S,False,2.17
KCNJ6 p.A321S,False,2.17
KCNK4 p.E64K,False,2.17
KCNK9 p.R150G,False,2.17
KDM4B p.E670K,False,2.17
KCNQ1 p.P535R,False,2.17
KCNQ2 p.D408E,False,2.17
KCNQ5 p.D801H,False,2.17
KCNQ5 p.R762G,False,2.17
KCNS3 p.P73L,False,2.17
KCNT1 p.L282P,False,2.17
KCNV1 p.S370R,False,2.17
KCNV1 p.V311F,False,2.17
KCTD10 p.E210K,False,2.17
KCTD8 p.M440I,False,2.17
KDM3A p.P407L,False,2.17
KDM3A p.P407S,False,2.17
IRAK2 p.V323I,False,2.17
IRAG1 p.S126Pfs*5,False,2.17
HHLA2 p.M184I,False,2.17
IQSEC2 p.P1026L,False,2.17
HSPA13 p.T438M,False,2.17
HSPA1B p.K524N,False,2.17
HSPB8 p.P187S,False,2.17
HSPG2 p.P2478L,False,2.17
HSPG2 p.P2478S,False,2.17
HSPG2 p.P3749L,False,2.17
HSPH1 p.G182E,False,2.17
HSPH1 p.G182R,False,2.17
HTR1D p.S248F,False,2.17
HTR2C p.I64T,False,2.17
HTR3A p.D376Y,False,2.17
HTR3B p.G18E,False,2.17
HUNK p.Y240H,False,2.17
HUWE1 p.C876R,False,2.17
HUWE1 p.X3587_splice,False,2.17
HYAL3 p.W128*,False,2.17
HYDIN p.G2764R,False,2.17
HYDIN p.P2184S,False,2.17
ICE1 p.R506Q,False,2.17
ID3 p.X101_splice,True,2.17
IDE p.H754N,False,2.17
IDH3G p.N110K,False,2.17
IDO1 p.V109L,False,2.17
IDUA p.R89Q,False,2.17
IFNA1 p.T151S,False,2.17
IFNA14 p.T87I,False,2.17
IFNA8 p.L80F,False,2.17
HSPA12B p.S21F,False,2.17
HSP90AB1 p.P705A,False,2.17
HSP90AA1 p.R510L,False,2.17
HNRNPD p.S118F,False,2.17
HIF3A p.G544R,False,2.17
HIPK3 p.G1004S,False,2.17
HIPK3 p.R907W,False,2.17
HIVEP1 p.D2628N,False,2.17
HIVEP3 p.K1461*,False,2.17
HK1 p.E708K,False,2.17
HK2 p.Q789E,False,2.17
HK2 p.R91C,False,2.17
HLA-DOA p.G151D,False,2.17
HMGB3 p.I118S,False,2.17
HMOX2 p.P254S,False,2.17
HMX2 p.P131L,False,2.17
HNRNPK p.F10S,False,2.17
HSF2 p.P493L,False,2.17
HOOK1 p.M351I,False,2.17
HOOK3 p.P714L,False,2.17
HOXA3 p.E161K,False,2.17
HOXA3 p.K160N,False,2.17
HOXD1 p.Y223C,False,2.17
HPD p.G260R,False,2.17
HPGDS p.P103S,False,2.17
HPS3 p.P457L,False,2.17
HRNR p.G209C,False,2.17
HRNR p.G2821E,False,2.17
HS3ST3A1 p.A285V,False,2.17
HSD17B4 p.X615_splice,False,2.17
IFNW1 p.D161N,False,2.17
IFT172 p.I802V,False,2.17
IFT172 p.L772F,False,2.17
INPP4B p.R279I,True,2.17
IL2RB p.E196G,False,2.17
IL2RB p.G402E,False,2.17
IL2RG p.I265M,False,2.17
IL32 p.*235Wext*3,False,2.17
IL32 p.G99D,False,2.17
IL9R p.A469V,False,2.17
ILF3 p.G694E,False,2.17
ILF3 p.G694R,False,2.17
ILKAP p.G74E,False,2.17
IMPDH2 p.I281M,False,2.17
INO80C p.I164V,False,2.17
INPP1 p.S81F,False,2.17
INPP5A p.R269L,False,2.17
IL23A p.M54K,False,2.17
INPP5D p.G917R,False,2.17
INSC p.A349V,False,2.17
INTS2 p.G1172R,False,2.17
INVS p.Q1035H,False,2.17
IPO13 p.E860K,False,2.17
IPO5 p.H439Y,False,2.17
IQCF1 p.E22D,False,2.17
IQCH p.X700_splice,False,2.17
IQCN p.S571F,False,2.17
IQGAP1 p.G1300D,False,2.17
IQGAP1 p.G1300S,False,2.17
IQGAP3 p.R855C,False,2.17
IL23R p.E417G,False,2.17
IL20RB p.P85S,False,2.17
IFT27 p.Y175F,False,2.17
IGLV3-16 p.P77S,False,2.17
IFT43 p.S67F,False,2.17
IFT52 p.Q401*,False,2.17
IGF2BP1 p.K465=,False,2.17
IGF2BP1 p.R174Q,False,2.17
IGF2BP2 p.G172R,False,2.17
IGFBP4 p.P212L,False,2.17
IGFN1 p.V899M,False,2.17
IGHV1OR21-1 p.V87A,False,2.17
IGHV4-34 p.T99M,False,2.17
IGKV2-24 p.V110A,False,2.17
IGKV3-15 p.P16S,False,2.17
IGLV2-8 p.S40F,False,2.17
IGLV3-21 p.L64P,False,2.17
IL20RA p.T430K,False,2.17
IGLV3-27 p.K68E,False,2.17
IGSF10 p.S1568Ifs*18,False,2.17
IGSF10 p.V1777A,False,2.17
IGSF22 p.G891R,False,2.17
IKZF1 p.E325*,True,2.17
IKZF2 p.V285M,False,2.17
IKZF4 p.H304Y,False,2.17
IL13RA2 p.C145Y,False,2.17
IL16 p.Q898*,False,2.17
IL17B p.A167T,False,2.17
IL18R1 p.A317T,False,2.17
IL1RL2 p.V208D,False,2.17
KIF19 p.S469T,False,2.17
KIF1A p.A1664T,False,2.17
KIF1A p.G837R,False,2.17
KIF1A p.P1555S,False,2.17
LSS p.G582E,False,2.17
LTBP1 p.A390V,False,2.17
LTBP1 p.H301L,False,2.17
LTBP1 p.Q1085P,False,2.17
LTBP4 p.E884K,False,2.17
LTK p.G666E,True,2.17
LTN1 p.T1351M,False,2.17
LUC7L p.R281K,False,2.17
LY6G6F-LY6G6D p.G162A,False,2.17
LYPD4 p.A166T,False,2.17
LYST p.V461A,False,2.17
LYVE1 p.S297*,False,2.17
MAB21L2 p.T72N,False,2.17
MACF1 p.G3101E,False,2.17
MACF1 p.H6273Y,False,2.17
MACF1 p.K3972M,False,2.17
MACF1 p.M6010K,False,2.17
MACF1 p.R851K,False,2.17
MACF1 p.X508_splice,False,2.17
MAG p.V486I,False,2.17
MAGEA4 p.E103Q,False,2.17
MAGEB18 p.P169S,False,2.17
MAGEB18 p.T294I,False,2.17
MAGEB6B p.L321P,False,2.17
MAGED1 p.A24T,False,2.17
MAGI2 p.E785K,False,2.17
MAGI2 p.V826L,False,2.17
LSM11 p.H160Y,False,2.17
LRTM1 p.K197I,False,2.17
LRRTM4 p.G407E,False,2.17
LRRC30 p.E112K,False,2.17
LRIT2 p.C327Y,False,2.17
LRIT3 p.H364Y,False,2.17
LRP1 p.I2618M,False,2.17
LRP1 p.V367M,False,2.17
LRP12 p.D396E,False,2.17
LRP1B p.P78L,False,2.17
LRP1B p.V3272=,False,2.17
LRP2 p.V240D,False,2.17
LRP4 p.D978N,False,2.17
LRPPRC p.H609Y,False,2.17
LRRC17 p.V237A,False,2.17
LRRC24 p.L177F,False,2.17
LRRC30 p.R140Q,False,2.17
LRRTM4 p.E113K,False,2.17
LRRC31 p.I446T,False,2.17
LRRC37A3 p.D83N,False,2.17
LRRC37A3 p.E1613D,False,2.17
LRRC37A3 p.S370F,False,2.17
LRRC4C p.R339K,False,2.17
LRRC56 p.D2E,False,2.17
LRRC56 p.P397S,False,2.17
LRRC7 p.R56*,False,2.17
LRRC8D p.D664H,False,2.17
LRRIQ1 p.D1044N,False,2.17
LRRIQ1 p.Y892C,False,2.17
LRRIQ4 p.F216L,False,2.17
MAJIN p.G136E,False,2.17
MAK16 p.D247N,False,2.17
MAMDC4 p.G991V,False,2.17
MAS1L p.G129E,False,2.17
MAPK7 p.S794F,False,2.17
MAPK8IP3 p.P888L,False,2.17
MAPK8IP3 p.R541Q,False,2.17
MAPKBP1 p.E42K,False,2.17
MARCHF11 p.V315A,False,2.17
MARCHF9 p.R304C,False,2.17
MARCO p.G376E,False,2.17
MARK1 p.I297L,False,2.17
MARK1 p.P328L,False,2.17
MARK2 p.L255F,False,2.17
MARK3 p.M670L,False,2.17
MARK4 p.R625Q,False,2.17
MASP1 p.P501L,False,2.17
MAPK15 p.E402K,False,2.17
MASP1 p.P501S,False,2.17
MAST1 p.E312K,False,2.17
MAST2 p.D676G,False,2.17
MAST3 p.R1048W,False,2.17
MAST4 p.D1647E,False,2.17
MBD5 p.P977S,False,2.17
MBD6 p.Q734Nfs*18,False,2.17
MBNL1 p.R9W,False,2.17
MBOAT7 p.G141E,False,2.17
MBP p.H202D,False,2.17
MCF2 p.D715N,False,2.17
MCF2L p.G999R,False,2.17
MAPK6 p.V613I,False,2.17
MAPK11 p.E177K,False,2.17
MAML3 p.A850T,False,2.17
MAP2K4 p.D229N,True,2.17
MAMLD1 p.E712D,False,2.17
MAN1A1 p.H404D,False,2.17
MAN1C1 p.G328R,False,2.17
MAN2A2 p.I931V,False,2.17
MAN2C1 p.S141N,False,2.17
MANSC1 p.S206I,False,2.17
MAOB p.P98S,False,2.17
MAP1A p.D2315N,False,2.17
MAP1A p.L2247Q,False,2.17
MAP1B p.S1289F,False,2.17
MAP2 p.D33N,False,2.17
MAP2 p.S1610F,False,2.17
MAP2K5 p.E257Q,False,2.17
MAPK10 p.M121I,False,2.17
MAP2K6 p.C196S,False,2.17
MAP2K6 p.F264L,False,2.17
MAP3K11 p.G40S,False,2.17
MAP3K19 p.M1273I,False,2.17
MAP3K19 p.R605Q,False,2.17
MAP3K5 p.Q270L,False,2.17
MAP3K7 p.T126N,False,2.17
MAP4K1 p.X124_splice,False,2.17
MAP7D1 p.P492T,False,2.17
MAP7D1 p.Q216*,False,2.17
MAP7D1 p.R608C,False,2.17
MAP9 p.E611K,False,2.17
LRG1 p.Q235*,False,2.17
LRFN5 p.G301R,False,2.17
LRCH2 p.R739P,False,2.17
KRT4 p.P121L,False,2.17
KMT2D p.Q3927*,True,2.17
KNDC1 p.S68T,False,2.17
KNTC1 p.E380K,False,2.17
KPNA3 p.G503A,False,2.17
KRBA1 p.S498F,False,2.17
KRT10 p.S483F,False,2.17
KRT12 p.R158*,False,2.17
KRT14 p.D440N,False,2.17
KRT14 p.E342K,False,2.17
KRT26 p.K114T,False,2.17
KRT33B p.E58K,False,2.17
KRT36 p.D264N,False,2.17
KRT5 p.E299K,False,2.17
KMT2C p.L3104F,True,2.17
KRT5 p.R227K,False,2.17
KRT6A p.P131S,False,2.17
KRT6B p.N219S,False,2.17
KRT76 p.K271=,False,2.17
KRT77 p.S411L,False,2.17
KRT84 p.G582S,False,2.17
KRTAP10-11 p.S235Y,False,2.17
KRTAP13-3 p.G113E,False,2.17
KRTAP19-5 p.G28A,False,2.17
KRTAP21-2 p.C61G,False,2.17
KRTAP23-1 p.S30L,False,2.17
KRTAP5-5 p.S176F,False,2.17
KMT2C p.P1814L,True,2.17
KMT2A p.L1303Pfs*51,True,2.17
L1CAM p.M400V,False,2.17
KIR2DS4 p.R27S,False,2.17
KIF1A p.S411F,False,2.17
KIF1B p.V91F,True,2.17
KIF20B p.N808K,False,2.17
KIF21A p.V307L,False,2.17
KIF21B p.R1184Q,False,2.17
KIF21B p.W1572G,False,2.17
KIF22 p.E570D,False,2.17
KIF22 p.E638K,False,2.17
KIF26A p.V716M,False,2.17
KIF6 p.K658T,False,2.17
KIF7 p.R661K,False,2.17
KIR2DL4 p.S271R,False,2.17
KIR3DL1 p.L359I,False,2.17
KLK8 p.T11M,False,2.17
KIT p.E227K,True,2.17
KLC2 p.W412*,False,2.17
KLF8 p.M22V,False,2.17
KLHDC7B p.G503S,False,2.17
KLHL1 p.L398V,False,2.17
KLHL1 p.S87Y,False,2.17
KLHL11 p.V206M,False,2.17
KLHL13 p.P236S,False,2.17
KLHL3 p.S72N,False,2.17
KLHL30 p.A33V,False,2.17
KLHL5 p.A692T,False,2.17
KLHL6 p.N436K,True,2.17
KRTAP9-9 p.P124L,False,2.17
LAD1 p.L89F,False,2.17
LRBA p.E1193K,False,2.17
LMBRD2 p.S139F,False,2.17
LILRB2 p.W69*,False,2.17
LILRB4 p.P430L,False,2.17
LILRB5 p.P420H,False,2.17
LIN37 p.P141A,False,2.17
LINGO1 p.R284C,False,2.17
LINGO2 p.E424V,False,2.17
LINGO2 p.L299I,False,2.17
LINS1 p.L387F,False,2.17
LIPC p.S440N,False,2.17
LIPN p.P219L,False,2.17
LLGL2 p.P277T,False,2.17
LMAN1L p.W131*,False,2.17
LMBRD2 p.S523F,False,2.17
LHX2 p.A206V,False,2.17
LMF2 p.S682F,False,2.17
LMO7 p.D1047N,False,2.17
LMO7 p.K887*,False,2.17
LMOD1 p.R138I,False,2.17
LMOD2 p.E74K,False,2.17
LMTK3 p.G82E,False,2.17
LONRF2 p.Q269E,False,2.17
LONRF2 p.R750K,False,2.17
LOXL2 p.E755K,False,2.17
LPAR2 p.C253Y,False,2.17
LPL p.V450L,False,2.17
LPXN p.L47I,False,2.17
LILRB2 p.S110I,False,2.17
LGI3 p.R430C,False,2.17
LAG3 p.A222V,False,2.17
LCA5L p.E111D,False,2.17
LAMA3 p.C1337S,False,2.17
LAMA3 p.P1400S,False,2.17
LAMA3 p.R3090Q,False,2.17
LAMA5 p.X150_splice,False,2.17
LAMB1 p.S153L,False,2.17
LAMB2 p.R1037H,False,2.17
LAMB2 p.W1084*,False,2.17
LAMC1 p.H1254R,False,2.17
LAMTOR1 p.D128N,False,2.17
LAP3 p.P383S,False,2.17
LARP1B p.Y176F,False,2.17
LARP6 p.I291T,False,2.17
LCAT p.L92I,False,2.17
LGALS7B p.D46N,False,2.17
LCE1D p.G111E,False,2.17
LCK p.E249K,False,2.17
LCP2 p.K38M,False,2.17
LCT p.K844N,False,2.17
LCT p.S409R,False,2.17
LCTL p.P149L,False,2.17
LDAH p.R187*,False,2.17
LDB3 p.S508F,False,2.17
LELP1 p.P80S,False,2.17
LENEP p.L16F,False,2.17
LEPR p.Q501*,False,2.17
LGALS14 p.T133A,False,2.17
HIC1 p.G490E,False,2.17
HHIP p.K458Q,False,2.17
DNAH5 p.R3202=,False,2.17
EIF4G1 p.E368K,False,2.17
ERCC6L2 p.G635R,False,2.17
ERGIC2 p.G324V,False,2.17
ERICH3 p.E1364D,False,2.17
ESCO2 p.S159L,False,2.17
ETAA1 p.D382E,False,2.17
ETV1 p.R208L,False,2.17
ETV3L p.K321M,False,2.17
ETV7 p.Q25R,False,2.17
EVC2 p.A379V,False,2.17
EVI2A p.R178T,False,2.17
EVPL p.R845*,False,2.17
EXOC6 p.P170L,False,2.17
EXOC6B p.K617R,False,2.17
EYA1 p.P522S,False,2.17
F5 p.E1529K,False,2.17
F5 p.G116E,False,2.17
F5 p.L2054I,False,2.17
F7 p.N62S,False,2.17
F8 p.G2136R,False,2.17
FAAH p.S579F,False,2.17
FAM133B p.R91Kfs*13,False,2.17
FAM135B p.H724Y,False,2.17
FAM151A p.X192_splice,False,2.17
FAM160B1 p.P505L,False,2.17
FAM163B p.S79F,False,2.17
FAM169A p.E15K,False,2.17
FAM169A p.S299C,False,2.17
ERCC6L p.D1233Y,False,2.17
EPX p.W409*,False,2.17
EPX p.R668K,False,2.17
EP300 p.S133A,True,2.17
ELAPOR2 p.E1011K,False,2.17
ELAPOR2 p.T859I,False,2.17
ELMOD2 p.R15*,False,2.17
ELP1 p.P959S,False,2.17
EMB p.P202S,False,2.17
EMP2 p.A146E,False,2.17
ENAM p.R939K,False,2.17
ENDOU p.E242A,False,2.17
ENGASE p.D672Y,False,2.17
ENO2 p.G99A,False,2.17
ENPP6 p.K178=,False,2.17
EP300 p.N119K,True,2.17
EP400 p.P543L,False,2.17
EPRS1 p.S481L,False,2.17
EPB41L4B p.T765I,False,2.17
EPHA3 p.E54G,True,2.17
EPHA4 p.S508F,False,2.17
EPHA5 p.D720E,False,2.17
EPHA6 p.G742R,False,2.17
EPHA8 p.P425H,False,2.17
EPHB1 p.A669V,True,2.17
EPHX1 p.Y221C,False,2.17
EPM2AIP1 p.H371Y,False,2.17
EPO p.F169L,False,2.17
EPPK1 p.E1485K,False,2.17
EPPK1 p.E183K,False,2.17
FAM171A1 p.A886E,False,2.17
FAM193B p.G637S,False,2.17
FAM210B p.I128M,False,2.17
FBXO46 p.G214R,False,2.17
FBN2 p.T1050M,False,2.17
FBN3 p.R1024Q,False,2.17
FBN3 p.R2082*,False,2.17
FBRS p.E340*,False,2.17
FBXL13 p.G539E,False,2.17
FBXL18 p.A366V,False,2.17
FBXL19 p.P80L,False,2.17
FBXL7 p.S55N,False,2.17
FBXO36 p.N85S,False,2.17
FBXO40 p.P158Q,False,2.17
FBXO42 p.G672E,False,2.17
FBXO42 p.L265F,False,2.17
FBXO46 p.R150W,False,2.17
FBN1 p.X2127_splice,False,2.17
FBXW5 p.R553W,False,2.17
FCER2 p.A279V,False,2.17
FCER2 p.D119H,False,2.17
FCER2 p.V64I,False,2.17
FCGR2B p.N106Dfs*16,False,2.17
FCGR3A p.T223A,False,2.17
FCGRT p.M324I,False,2.17
FCHO2 p.P532S,False,2.17
FCRL1 p.D47N,False,2.17
FCRL2 p.W168*,False,2.17
FCRL3 p.G432E,False,2.17
FCRL5 p.P513L,False,2.17
FBN2 p.F2554L,False,2.17
FBN1 p.N2843Pfs*4,False,2.17
FAM217A p.K50R,False,2.17
FAM83G p.V588I,False,2.17
FAM227B p.G283E,False,2.17
FAM229B p.R45W,False,2.17
FAM47C p.E185*,False,2.17
FAM47C p.T217S,False,2.17
FAM71B p.P250L,False,2.17
FAM71B p.P250S,False,2.17
FAM71C p.R107K,False,2.17
FAM78B p.I7N,False,2.17
FAM83C p.E490K,False,2.17
FAM83F p.R346Q,False,2.17
FAM83G p.P477L,False,2.17
FAM83G p.P769L,False,2.17
FANCB p.M672L,False,2.17
FBN1 p.C262S,False,2.17
FANCB p.S255F,False,2.17
FANCC p.L511=,True,2.17
FANCC p.X511_splice,True,2.17
FAP p.N227Y,False,2.17
FASN p.N1476K,False,2.17
FASN p.Q271K,False,2.17
FASN p.T1624S,False,2.17
FASTKD1 p.I439V,False,2.17
FAT1 p.E1430*,True,2.17
FAT1 p.Q3572*,True,2.17
FAT4 p.S656F,False,2.17
FAXC p.S380F,False,2.17
EIF4G2 p.G382E,False,2.17
EIF4E1B p.P30L,False,2.17
HERC5 p.G270R,False,2.17
EIF3L p.S238F,False,2.17
DOCK1 p.D1665Y,False,2.17
DOCK10 p.S1691F,False,2.17
DOCK2 p.K51N,False,2.17
DOCK2 p.R1104W,False,2.17
DOCK3 p.E753K,False,2.17
DOCK3 p.P1365S,False,2.17
DOCK3 p.T529A,False,2.17
DOCK6 p.A1624T,False,2.17
DOCK6 p.F446V,False,2.17
DOCK6 p.V784M,False,2.17
DOCK7 p.K374E,False,2.17
DOCK8 p.M1379L,False,2.17
DOK2 p.E239K,False,2.17
DOP1A p.L425del,False,2.17
DOT1L p.X600_splice,True,2.17
DPF2 p.P136L,False,2.17
DPF2 p.R137*,False,2.17
DPH2 p.P342S,False,2.17
DPM2 p.S70F,False,2.17
DPP10 p.E793G,False,2.17
DPP10 p.S408N,False,2.17
DPP6 p.G726E,False,2.17
DPP6 p.G726R,False,2.17
DPY19L1 p.V274F,False,2.17
DPYD p.G933E,True,2.17
DPYD p.P174S,True,2.17
DPYD p.S204F,True,2.17
DNMT3L p.D231N,False,2.17
DNMT3B p.E666=,False,2.17
DNMT3A p.Q356Vfs*34,True,2.17
DNAH9 p.T1403S,False,2.17
DNAH5 p.R3553Q,False,2.17
DNAH5 p.S3963L,False,2.17
DNAH7 p.R1957*,False,2.17
DNAH7 p.W3864L,False,2.17
DNAH8 p.G108R,False,2.17
DNAH8 p.G2032E,False,2.17
DNAH8 p.L4198F,False,2.17
DNAH8 p.R2661*,False,2.17
DNAH8 p.W520*,False,2.17
DNAH8 p.X1180_splice,False,2.17
DNAH9 p.F2691V,False,2.17
DNAH9 p.S2485L,False,2.17
DNAH9 p.Y1742H,False,2.17
DNMT1 p.D1098V,True,2.17
DNAI3 p.L280F,False,2.17
DNAJB11 p.V154D,False,2.17
DNAJB8 p.A147V,False,2.17
DNAJC1 p.Q413*,False,2.17
DNAJC11 p.R532Q,False,2.17
DNAJC13 p.G1854D,False,2.17
DNAJC13 p.K696E,False,2.17
DNAL1 p.T57S,False,2.17
DNASE1L2 p.G140C,False,2.17
DNASE1L2 p.G140D,False,2.17
DNHD1 p.W4288*,False,2.17
DNM1 p.G578S,False,2.17
DPYSL4 p.G259E,False,2.17
DQX1 p.G262R,False,2.17
DRD2 p.P299S,False,2.17
ECE2 p.P49S,False,2.17
DYNC1I1 p.S362L,False,2.17
DYNC1LI1 p.D328N,False,2.17
DYNC2H1 p.A3691T,False,2.17
DYNC2H1 p.D3912V,False,2.17
DYNC2H1 p.K3231R,False,2.17
DYNC2H1 p.P1927L,False,2.17
DYRK4 p.D98N,False,2.17
DYTN p.L329F,False,2.17
DZIP3 p.I364V,False,2.17
EBF1 p.P590Hfs*7,False,2.17
EBF3 p.P478L,False,2.17
ECE2 p.P49L,False,2.17
ECM1 p.E272*,False,2.17
DYNC1H1 p.S3857C,False,2.17
ECPAS p.P35L,False,2.17
EDEM2 p.P350L,False,2.17
EEA1 p.K810N,False,2.17
EFCAB1 p.L133F,False,2.17
EFCAB3 p.P30Q,False,2.17
EFEMP2 p.P190R,False,2.17
EFNB3 p.G55R,False,2.17
EGFR p.P741L,True,2.17
EHMT1 p.E658K,False,2.17
EIF2AK3 p.T528M,False,2.17
EIF2AK4 p.D925Y,False,2.17
EIF2B3 p.H196Y,False,2.17
DYNC1I1 p.G319R,False,2.17
DYNC1H1 p.S3640T,False,2.17
DRD3 p.V298F,False,2.17
DST p.D1423A,False,2.17
DRICH1 p.K19E,False,2.17
DROSHA p.E482K,False,2.17
DROSHA p.R271*,False,2.17
DRP2 p.S719F,False,2.17
DSCAM p.Q1964K,False,2.17
DSCAML1 p.R324P,False,2.17
DSEL p.T388A,False,2.17
DSG2 p.G611E,False,2.17
DSG4 p.Q891*,False,2.17
DSPP p.D401N,False,2.17
DSPP p.N155Y,False,2.17
DSPP p.S1177N,False,2.17
DST p.L5475F,False,2.17
DYNC1H1 p.A2497V,False,2.17
DST p.L6682V,False,2.17
DTX2 p.P70L,False,2.17
DTX2 p.S285F,False,2.17
DTX2 p.V10M,False,2.17
DUOX1 p.P212L,False,2.17
DUOX1 p.R353Q,False,2.17
DUOX2 p.R1478W,False,2.17
DUOX2 p.R523S,False,2.17
DUSP7 p.P297L,False,2.17
DUSP7 p.P297S,False,2.17
DVL1 p.S194L,False,2.17
DVL1 p.S236F,False,2.17
FER1L5 p.Q1452R,False,2.17
FER1L6 p.Q178*,False,2.17
FER1L6 p.S946C,False,2.17
FEZF1 p.V216L,False,2.17
GPRC6A p.Q59H,False,2.17
GPRC6A p.V323F,False,2.17
GPT2 p.A228T,False,2.17
GPX4 p.D48H,False,2.17
GPX8 p.L40F,False,2.17
GRAMD1B p.H48Y,False,2.17
GRAMD2A p.K314N,False,2.17
GRAMD2A p.P230L,False,2.17
GRAMD2A p.P230S,False,2.17
GRAP2 p.D130V,False,2.17
GRB10 p.S503F,False,2.17
GREM2 p.W45C,False,2.17
GREM2 p.W45L,False,2.17
GRIK1 p.D791N,False,2.17
GRIK2 p.G310V,False,2.17
GRIK2 p.T376A,False,2.17
GRIK3 p.A717V,False,2.17
GRIK3 p.E807K,False,2.17
GRIK3 p.X263_splice,False,2.17
GRIK5 p.L153F,False,2.17
GRIN1 p.S108F,False,2.17
GRIN2D p.P555S,False,2.17
GRIN3A p.E1054K,False,2.17
GRM3 p.M547I,True,2.17
GRM5 p.D258H,False,2.17
GRM5 p.S116F,False,2.17
GRM7 p.N401S,False,2.17
GPRC5C p.A242V,False,2.17
GPR89B p.W125*,False,2.17
GPR78 p.P300S,False,2.17
GON4L p.P1031S,False,2.17
GLRA3 p.S274L,False,2.17
GLYAT p.L90F,False,2.17
GMDS p.R194C,False,2.17
GMFG p.T114R,False,2.17
GMIP p.R528C,False,2.17
GMPPA p.R412*,False,2.17
GNA11 p.S18F,True,2.17
GOLGA1 p.E453*,False,2.17
GOLGA4 p.S1119F,False,2.17
GOLGB1 p.Y2356N,False,2.17
GOLM1 p.L156=,False,2.17
GOLT1B p.L84F,False,2.17
GPAT4 p.P85L,False,2.17
GPR52 p.R139C,False,2.17
GPATCH8 p.P736S,False,2.17
GPC5 p.S495N,False,2.17
GPR139 p.D101N,False,2.17
GPR152 p.L110I,False,2.17
GPR152 p.L110P,False,2.17
GPR156 p.L456F,False,2.17
GPR158 p.E1035K,False,2.17
GPR19 p.Y102*,False,2.17
GPR22 p.W165C,False,2.17
GPR37 p.D307E,False,2.17
GPR37 p.V342F,False,2.17
GPR50 p.R343H,False,2.17
GRM8 p.A584T,False,2.17
GRM8 p.V653D,False,2.17
GRPR p.E187K,False,2.17
HECTD4 p.A2832V,False,2.17
HBD p.P101S,False,2.17
HCFC1 p.P1108L,False,2.17
HCFC1 p.P1421L,False,2.17
HCFC2 p.P675S,False,2.17
HCLS1 p.G179E,False,2.17
HCRTR2 p.K370I,False,2.17
HDAC7 p.S345C,False,2.17
HDC p.P485L,False,2.17
HDGF p.P65S,False,2.17
HEATR1 p.L1809F,False,2.17
HEATR1 p.L1809H,False,2.17
HEATR1 p.S22P,False,2.17
HECTD4 p.S2935F,False,2.17
HASPIN p.E492D,False,2.17
HECW1 p.E37G,False,2.17
HECW2 p.E699K,False,2.17
HECW2 p.G1122E,False,2.17
HEG1 p.S584A,False,2.17
HELQ p.E414K,False,2.17
HELQ p.V990Ffs*7,False,2.17
HEPH p.R33W,False,2.17
HERC1 p.P2959S,False,2.17
HERC2 p.S1637N,False,2.17
HERC2 p.T1324I,False,2.17
HERC2 p.V2545L,False,2.17
HERC4 p.N61S,False,2.17
HAVCR1 p.V120I,False,2.17
HAS1 p.S408F,False,2.17
GSAP p.S795F,False,2.17
GUCA1C p.P31L,False,2.17
GSDME p.X193_splice,False,2.17
GSE1 p.E601*,False,2.17
GSPT2 p.V63I,False,2.17
GSTM5 p.D25N,False,2.17
GSX1 p.K201E,False,2.17
GSX1 p.V191E,False,2.17
GTF2B p.R132*,False,2.17
GTF3C1 p.G1051S,False,2.17
GTF3C3 p.E849K,False,2.17
GTF3C5 p.H161Y,False,2.17
GTF3C5 p.P285L,False,2.17
GTPBP1 p.D11Y,False,2.17
GUCY1A1 p.P570L,False,2.17
HAPLN1 p.G201E,False,2.17
GUCY1B1 p.E505K,False,2.17
GUCY1B1 p.L67F,False,2.17
GUCY2C p.E719=,False,2.17
GZF1 p.T514A,False,2.17
H1-5 p.P12S,False,2.17
H1-7 p.E139D,False,2.17
H2AC6 p.A13T,False,2.17
H3-3B p.G35V,False,2.17
H3C2 p.G35D,False,2.17
H3C2 p.G35S,False,2.17
H6PD p.R661W,False,2.17
HAP1 p.E237K,False,2.17
GLRA1 p.R280H,False,2.17
GLP1R p.P86L,False,2.17
GLMP p.Y311N,False,2.17
FREM1 p.V747F,False,2.17
FOXD4L1 p.P79L,False,2.17
FOXD4L4 p.G22W,False,2.17
FOXD4L4 p.P233T,False,2.17
FOXF2 p.P205S,False,2.17
FOXK1 p.S319F,False,2.17
FOXM1 p.Q230K,False,2.17
FOXP3 p.L411P,False,2.17
FOXRED2 p.P319S,False,2.17
FPR1 p.A20T,False,2.17
FRAS1 p.A3694S,False,2.17
FRAS1 p.G1881S,False,2.17
FRAS1 p.I3869T,False,2.17
FREM2 p.G2267R,False,2.17
FOCAD p.H458P,False,2.17
FREM2 p.T2812N,False,2.17
FRG2B p.M1?,False,2.17
FRK p.R239Q,False,2.17
FRMD3 p.P387L,False,2.17
FRMD3 p.R422Q,False,2.17
FRMD4B p.R905L,False,2.17
FRMPD4 p.A1038V,False,2.17
FRMPD4 p.P294S,False,2.17
FSCB p.H16Q,False,2.17
FSCN1 p.P85L,False,2.17
FSIP2 p.E6320K,False,2.17
FTL p.D81N,False,2.17
FOXD3 p.K238N,False,2.17
FN1 p.E1255K,False,2.17
FUT1 p.A119T,False,2.17
FKBP9 p.R219S,False,2.17
FGB p.N125S,False,2.17
FGD2 p.R482W,False,2.17
FGD3 p.E696K,False,2.17
FGF18 p.F129L,False,2.17
FGF23 p.Q67*,True,2.17
FGFR1 p.E804K,True,2.17
FGL1 p.Q124*,False,2.17
FIG4 p.H243R,False,2.17
FIGNL2 p.G652E,False,2.17
FIGNL2 p.G652R,False,2.17
FIZ1 p.C81Y,False,2.17
FKBP15 p.D179N,False,2.17
FLG p.S1539R,False,2.17
FMO2 p.P358S,False,2.17
FLG p.S2836N,False,2.17
FLG p.S3891F,False,2.17
FLG p.T2820I,False,2.17
FLG2 p.G1523S,False,2.17
FLNB p.P2384S,False,2.17
FLNC p.P1812A,False,2.17
FLNC p.V1802M,False,2.17
FLT1 p.G499R,True,2.17
FLT1 p.S1279I,True,2.17
FMN2 p.G51R,False,2.17
FMNL1 p.Q686*,False,2.17
FMNL2 p.P167S,False,2.17
FUCA1 p.K174=,False,2.17
FUT8 p.G175E,False,2.17
GLIS1 p.V86I,False,2.17
GHSR p.R346K,False,2.17
GBP7 p.K188N,False,2.17
GCC2 p.Q1193*,False,2.17
GCM1 p.M428T,False,2.17
GCM2 p.G96D,False,2.17
GCN1 p.A1887T,False,2.17
GCOM1 p.D170H,False,2.17
GDF2 p.H233Y,False,2.17
GDF2 p.S101L,False,2.17
GGA3 p.L664F,False,2.17
GGT5 p.N303S,False,2.17
GGT5 p.P473L,False,2.17
GHSR p.N257K,False,2.17
GIGYF1 p.R221Q,False,2.17
GBF1 p.L598F,False,2.17
GIMAP2 p.S54F,False,2.17
GIMAP4 p.G40R,False,2.17
GINS1 p.X150_splice,False,2.17
GJA5 p.S254F,False,2.17
GLA p.P265Qfs*4,False,2.17
GLB1L2 p.W571*,False,2.17
GLCE p.G196S,False,2.17
GLE1 p.R575G,False,2.17
GLI1 p.G197D,False,2.17
GLI1 p.G197S,False,2.17
GLIS1 p.Q375R,False,2.17
GLIS1 p.S74C,False,2.17
GBP4 p.D118N,False,2.17
GBE1 p.P680L,False,2.17
FXR2 p.S525F,False,2.17
GABRA6 p.L14=,True,2.17
FYB1 p.P427S,False,2.17
FYN p.G249E,False,2.17
FZD3 p.L222S,False,2.17
FZR1 p.D454V,False,2.17
FZR1 p.S131F,False,2.17
G0S2 p.L75F,False,2.17
G3BP1 p.R427C,False,2.17
G6PC2 p.S291R,False,2.17
GAA p.P266L,False,2.17
GAB4 p.Q559R,False,2.17
GABRA1 p.L220P,False,2.17
GABRA5 p.V326M,False,2.17
GABRE p.L364R,False,2.17
GBE1 p.F52L,False,2.17
GABRG1 p.E91K,False,2.17
GABRR1 p.T138I,False,2.17
GAD1 p.L329F,False,2.17
GAD2 p.F506L,False,2.17
GALNT14 p.X248_splice,False,2.17
GALNT8 p.P164S,False,2.17
GALNTL5 p.G310E,False,2.17
GALNTL6 p.E286K,False,2.17
GALNTL6 p.P147S,False,2.17
GAPVD1 p.P818L,False,2.17
GAPVD1 p.P818S,False,2.17
GARNL3 p.L18P,False,2.17
ZZZ3 p.D848E,False,2.17
